3,323,Historian
4,800,Hypothesis
5,2867,Cultural
5,2867,culturally
4,646,Discrimination
3,183,Dioxide
4,901,Assumption
4,1008,Narrative
3,103,Photographer
3,166,Amendment
3,252,Hormone
4,567,Thesis
4,435,Feminist
3,183,Photography
3,169,Quantum
4,747,Labor
2,70,Predator
4,381,Aggression
3,198,Glucose
3,164,Underlie
3,289,Impulse
3,160,Juvenile
4,761,Theme
4,682,Colonial
4,897,Mechanism
4,713,Biological
3,222,Fusion
4,452,Oxygen
1,3,Crusher
4,647,Technological
4,402,Heritage
3,234,Analyze
4,1179,Whereas
3,202,Molecule
3,191,Theater
4,468,Synthesis
3,78,Vent
4,1168,Awareness
3,223,Calcium
3,182,Polar
4,386,Similarity
2,33,Astronomer
3,301,Characterize
2,28,Lobster
2,76,Anaerobic
4,607,Gene
4,763,Genetic
3,107,Transplant
1,0,Brachiopod
2,16,Caterpillar
3,70,Ozone
3,87,Pollen
2,49,Mammal
3,111,Plateau
5,1711,Environmental
2,18,Geologic
3,88,Peptide
2,72,Rift
2,5,Anemone
2,36,Graze
3,147,Homework
2,24,Puritan
1,9,Zooplankton
4,1005,Criteria
2,16,Phytoplankton
2,40,Vertebrate
3,177,Comic
4,830,Decline
4,581,Judgment
2,2,Neutrino
2,42,Vapor
2,8,Interstellar
4,497,Medieval
3,105,Novelist
3,382,Receptor
3,184,Fossil
3,214,Habitat
4,737,Accurately
3,379,Assert
4,419,Assertion
2,27,Geologist
4,612,Inherent
2,58,Salon
3,499,Sovereignty
4,839,Survival
4,813,Complexity
2,57,Isotope
4,972,Perception
2,35,Snail
2,56,Suture
3,359,Advocate
5,2774,Context
4,992,Crucial
3,176,Discriminate
-1,-1,Favor
3,182,Feminism
2,28,Galaxy
3,151,Generalization
3,311,Scholarly
3,350,Virus
3,310,Analogous
4,385,Analogy
1,4,Campesino
3,171,Census
4,667,Conceptual
2,25,Contaminant
3,469,Evolutionary
1,3,Framer
4,676,Landscape
4,344,Literacy
2,103,Neuron
2,36,Pleistocene
3,94,Suffrage
3,206,Tribal
4,444,Aesthetic
2,37,Aquifer
3,323,Biologist
4,1051,Entirely
2,49,Glacial
1,2,Homeworker
3,214,Metabolic
3,207,Prey
4,624,Random
3,118,Antibody
3,196,Canon
3,183,Contradict
4,387,Dominate
3,316,Genre
3,293,Illusion
3,93,Investigator
4,486,Migration
3,342,Reproductive
3,378,Undermine
3,104,Cone
4,694,Constitute
4,765,Consumer
3,428,Defense
4,933,Diversity
2,36,Generalist
3,277,Intuitive
3,133,Mantle
4,1328,Notion
3,123,Nutrient
3,130,Sculpture
4,1053,Typically
4,510,Controversial
4,643,Doctrine
3,293,Earnings
-1,-1,Electride
4,545,Ideology
2,13,Igneous
2,28,Oyster
2,78,Synthesize
3,160,Asymmetry
2,42,Fungus
4,396,Incomplete
4,848,Initially
2,62,Insurrection
4,348,Intact
1,5,Occultation
3,85,Remembrance
4,1144,Representation
4,486,Ritual
2,45,Secrete
3,183,Spiral
4,575,Acknowledge
3,259,Adolescent
4,1230,Creation
3,217,Kinship
2,9,Meteorite
1,6,Pollination
2,4,Refrigerant
1,2,Sinistral
1,9,Tritium
3,206,Wildlife
3,64,Ballet
4,424,Controversy
2,32,Handedness
3,185,Missionary
4,330,Obscure
3,185,Originate
1,6,Pollinate
3,204,Socioeconomic
3,206,Assimilation
3,505,Citizenship
3,174,Depict
4,835,Essentially
3,69,Fluctuation
4,758,Psychology
4,892,Radical
3,244,Reconcile
3,117,Terrestrial
4,1156,Urban
3,86,Volcanic
4,628,Vulnerable
4,477,Adaptation
3,106,Anthropologist
5,1678,Assessment
4,490,Capitalism
4,604,Enhance
4,489,Geographical
2,36,Grazer
-1,-1,Groundwater
4,468,Innovative
2,27,Milky
3,349,Participant
4,392,Pose
5,2470,Potentially
3,325,Prediction
4,557,Profound
4,564,Sensitivity
1,3,Supernova
3,355,Trigger
3,298,Adaptive
4,947,Category
3,166,Cavity
3,153,Continental
1,1,Dextral
3,85,Empiricism
3,198,Extinction
3,111,Geological
-1,-1,Harbor
3,356,Incentive
4,440,Incorporate
2,57,Isotopic
4,899,Precisely
-1,-1,Renaissance
3,163,Sensibility
3,174,Transcend
3,84,Afro
3,133,Autobiography
4,552,Bias
2,19,Comet
3,135,Cosmic
3,266,Deprivation
4,767,Domain
2,16,Flounder
3,79,Garrison
3,160,Inconsistency
4,441,Interact
4,945,Legislation
4,438,Myth
2,5,Nebula
2,45,Pancreas
3,294,Parameter
3,182,Predecessor
1,0,Psychohistorian
2,21,Silicate
2,23,Starry
3,94,Vigilant
2,52,Adrenaline
4,671,Agricultural
2,49,Alphabetic
3,138,Archaeological
3,72,Coral
4,617,Distinctive
3,111,Epoch
4,1066,Evaluation
3,262,Fitness
-1,-1,Folktale
4,442,Fundamentally
2,58,Gravitational
3,197,Inaccurate
4,517,Inadequate
4,404,Inspiration
3,425,Legislative
4,569,Massive
3,76,Mathematician
1,4,Mechanization
3,219,Metabolism
3,90,Mores
4,737,Motivation
3,296,Neural
3,244,Poetic
4,440,Predominantly
2,15,Preindustrial
4,482,Reproduction
3,56,Sculptor
-1,-1,Seawater
5,1628,Sexual
3,271,Unrelated
1,7,Vocalization
2,34,Wilt
4,562,Accessible
1,1,Africanize
2,82,Artifact
1,2,Biomaterial
1,14,Carnivore
3,117,Climatic
3,129,Composer
4,505,Continuity
3,252,Counterpart
2,39,Cutter
4,401,Dimensional
3,216,Elicit
4,492,Exploration
3,142,Fixation
2,68,Fluctuate
3,369,Geographic
2,12,glaciation
3,148,gland
3,181,gradient
1,12,herbivore
1,5,honeybee
3,306,hostility
4,593,inclusion
4,742,infection
3,311,initiate
4,531,linguistic
3,122,migrate
3,319,premise
4,468,rejection
4,443,rhetoric
2,17,sitter
3,107,solo
4,976,specifically
4,370,stimulus
4,478,subtle
3,164,theorist
2,44,aluminum
-1,-1,appendicularian
3,154,arousal
2,56,astronomical
3,199,bacterial
3,388,cluster
3,207,compression
4,811,conception
3,255,contention
4,396,contradictory
4,516,correlation
3,66,crystalline
3,117,exemplify
3,200,familial
3,84,fauna
4,574,hierarchy
3,175,illuminate
2,62,implant
3,221,indifference
4,622,insight
3,106,lipid
3,115,melody
4,473,mobility
4,525,morality
2,16,novelistic
2,52,oceanic
3,297,realism
3,83,remnant
3,430,sensory
2,135,skepticism
3,74,specialization
3,162,substrate
5,1895,traditionally
3,107,transplantation
2,76,unify
2,31,abolitionist
3,190,administer
3,193,advantageous
2,88,amnesia
1,0,chemosynthesis
2,25,choreography
4,457,coherent
4,395,combat
3,158,comedy
3,298,compensate
3,310,confront
3,331,constraint
-1,-1,cutterlike
4,399,deliberate
4,435,differential
3,306,differentiate
3,242,diminish
3,166,discriminatory
2,27,drone
4,505,elite
4,1025,ethnic
3,209,flawed
3,265,formulate
3,270,homogeneous
4,1341,identify
4,479,inability
3,278,inference
4,517,infrastructure
1,8,interglacial
3,227,ironic
4,567,likelihood
4,615,linear
2,30,loyalist
1,4,mesoscale
2,13,microorganism
3,377,occupational
3,265,offspring
4,731,philosophical
3,268,recipient
4,1302,regional
1,0,rhizobium
3,311,rightly
3,193,romance
2,60,subcontinent
4,608,subjective
1,3,undercount
5,1719,usefulness
4,454,Virtual
2,23,Waitress
2,20,Wasp
4,401,Allocation
3,192,Anatomy
2,31,Anionic
4,417,Capitalist
4,1096,Correctly
4,602,Critique
3,453,Ecological
-1,-1,Favored
2,42,Fission
1,2,Flatfish
3,231,Flux
3,383,Governmental
5,1693,Historically
4,365,Immune
3,72,Improvisation
4,502,Indigenous
3,338,Induce
3,163,Migrant
3,307,Minimize
2,29,Mite
3,389,Nonetheless
-1,-1,Nucleic
3,146,Optic
1,4,Packer
2,25,Parathyroid
2,29,Periodicity
2,60,Planetary
3,70,Playwright
4,379,Popularity
3,187,Portray
3,163,Portrayal
3,80,Prehistoric
2,88,Proponent
4,475,Realistic
3,146,Reconstruction
3,214,Repertoire
3,115,Reservation
3,188,Sodium
3,334,Sovereign
4,585,Statistics
4,371,Thoroughly
3,86,Tomography
3,95,Advertise
3,175,Auditory
4,624,Christianity
4,424,Circulation
1,-1,Circumstellar
4,736,Client
4,999,Commitment
4,313,Configuration
4,647,Consensus
3,251,Constituent
2,18,Corona
3,178,Correlate
4,425,Differentiation
3,338,Disagreement
2,44,Disapprove
4,1009,Dominant
3,155,Emancipation
2,79,Envision
2,41,Equator
4,635,Facilitate
3,291,Feminine
1,4,Flipper
3,69,Heighten
2,28,Hive
2,21,Immunological
3,508,Inequality
2,57,Infrared
3,210,Inhibit
4,893,Innovation
4,346,Interface
2,61,Ionic
4,378,Irrelevant
3,187,Kidney
4,392,Magnitude
3,146,Modernist
2,30,Monogamy
2,12,Morphogenesis
2,38,Neutron
3,54,Newcomer
4,639,Orientation
3,220,Persuasive
3,372,Plasma
3,105,Precipitation
3,134,Rhythmic
3,367,Scrutiny
2,68,Seismic
2,77,Singularity
2,14,Stratosphere
5,1613,Technologist
3,272,Trivial
3,161,Underestimate
3,287,Advent
3,385,Ambiguous
3,153,Broaden
3,182,Chronological
2,10,Colonist
3,315,Communal
3,267,Conceive
2,90,Congressional
4,1141,Constantly
3,112,Consumerism
3,222,Contend
4,402,Correspondence
3,303,Definitive
2,26,Deplete
4,1026,Discourse
3,354,Discrete
1,5,Echolocation
3,141,Embryo
3,244,Encompass
3,480,Enforcement
4,549,Entity
2,33,Environmentalist
3,260,Familiarity
3,102,Folklore
3,126,Genus
2,34,Geothermal
2,24,Glassy
1,2,Hallucinogen
2,15,Hermaphroditism
3,72,Improvisational
3,280,Insistence
1,4,intersexual
4,337,invariably
3,144,latitude
3,218,manipulate
2,15,Martian
4,478,Methodology
4,331,Modification
4,504,Mortality
3,169,Motif
3,173,Mystical
2,79,Nonverbal
2,76,Overestimate
3,260,Overly
4,551,Overview
4,454,Persistent
2,42,Photosynthesis
3,402,Plausible
1,5,Postglacial
3,188,Preclude
4,754,Presentation
3,77,Priesthood
3,186,Probe
4,643,Problematic
3,216,Prohibition
3,336,Proliferation
3,198,Prose
3,120,Realistically
3,100,Recur
3,332,Revision
3,280,Speculation
4,473,Substantially
3,233,Suppress
3,336,Territorial
4,900,Transition
4,582,Validity
3,214,Vegetation
3,175,Violate
3,207,Volunteer
2,44,Adherent
3,187,Adolescence
3,207,Alteration
3,351,Ambiguity
3,188,Ambivalence
4,453,Appreciation
3,138,Archaeologist
2,39,Arctic
4,430,Autonomous
2,11,Bauxite
-1,-1,Behavioral
3,304,Bilateral
4,607,Classic
3,238,Commonsense
4,1029,Consistently
4,509,Coverage
3,137,Cyclical
3,300,Deficiency
3,50,Delinquent
3,178,Depiction
3,100,Detectable
3,271,Diabetes
4,398,Dilemma
2,33,Dinosaur
3,133,Discontent
3,203,Disregard
3,289,Disturbance
2,16,Ecologist
2,21,Eject
3,154,Erroneous
4,573,Exclusion
4,771,Explicit
4,771,Explicitly
2,71,Freshwater
-1,-1,
3,257,Grid
2,11,Hallucinogenic
1,0,Heterocyst
2,55,Hypothalamus
4,523,Ideological
2,34,Imprecision
3,71,Inject
3,197,Instructive
4,415,Insufficiently
4,537,Integrity
3,186,Intricate
3,67,Intrigue
2,37,Intruder
3,253,Irony
2,36,Lactic
4,686,Logically
3,148,Morphology
4,686,Mutually
4,457,Norm
4,811,Opposition
2,16,Orb
3,357,Paradox
4,668,Participation
4,741,Personality
3,339,Physiological
2,28,Pollutant
4,445,Positively
3,222,Provoke
3,181,Psychologist
4,506,Qualitative
3,153,Quantify
2,9,Raisin
2,73,Reformer
2,54,Regenerate
3,143,Representational
4,410,Rigidly
3,250,Rotational
2,22,Satirist
3,111,Sediment
2,137,Skeptical
3,145,Stationary
3,133,Stereotype
1,8,Suffragist
1,5,Sunspot
3,107,Taboo
4,696,Tension
3,288,Theoretically
2,20,Thicken
4,399,Tightly
3,247,Toxic
4,438,Unclear
1,5,Unfertilized
4,970,Variability
3,172,Vicinity
3,154,Viral
1,-1,Wuther
2,29,Yankee
2,12,Zoologist
3,178,Abolition
4,669,Adoption
3,232,Advancement
3,102,Agrarian
2,21,Algal
4,425,Alliance
3,331,Ambitious
3,324,Analytic
3,227,Architectural
3,159,Aristocratic
1,7,Armory
3,80,Astronomy
4,692,Autonomy
3,216,Biography
2,64,Cation
3,282,Cautious
3,156,Conclusive
3,276,Confirmation
4,1122,Considerably
3,547,Constitutional
1,2,Corundum
3,353,Diffusion
3,141,Discernible
3,129,Dispersal
2,30,Dossier
2,27,Dramatize
2,22,Droplet
3,83,Dwarf
3,365,Economically
4,595,Economics
3,172,Ecosystem
3,170,Enact
2,15,Ethologist
3,181,Evoke
-1,-1,Favorite
5,2025,Financially
3,99,Flaw
4,498,Formulation
2,47,Frailty
1,8,Geochemical
2,33,Glacier
3,81,Gravel
2,46,Halo
3,94,Idealistic
3,354,Immigration
2,40,Improvise
3,291,Incompatible
3,342,Inconsistent
5,1577,Independently
3,95,Inert
4,974,Integration
4,491,Intent
3,102,Interchangeable
3,489,Judicial
3,74,Jupiter
3,405,Jurisdiction
2,13,Larva
3,393,Legacy
2,51,Legislator
2,8,Legume
3,245,Liberalism
4,516,Literally
3,168,Livestock
-1,-1,Magnetotail
3,137,Maturation
3,304,Maturity
3,99,Metallic
3,201,Misunderstanding
3,142,Mobilization
3,310,Momentum
5,1719,Negatively
-1,-1,Neurobehavioral
3,200,Observable
3,143,Oxide
3,194,Periodically
3,309,Persistence
3,75,Polemic
3,230,Prescription
3,343,Prevalent
3,90,Prolong
3,166,Reconstruct
3,207,Seasonal
3,405,Secular
2,54,Sedimentation
4,478,Seemingly
3,288,Sensation
3,305,Simultaneously
2,25,Smelt
-1,-1,In spite of
3,135,Supporter
3,169,Surge
2,74,Symbiotic
3,253,Symptom
3,190,Tentative
3,154,Thematic
3,254,Thermal
2,52,Turtle
3,102,Unchanging
2,53,Unconvincing
3,169,Uniformity
3,148,Unimportant
2,45,Unionism
2,60,Verifiable
2,27,Virtuosity
3,252,Vocal
3,112,Whale
3,113,Abolish
3,143,Accomplishment
4,551,Acquisition
3,148,Activation
4,798,Adequately
2,47,Adjudicate
4,662,Administrative
3,93,Adversary
1,4,Agitprop
3,57,Airborne
2,25,Airflow
1,1,Aluminous
3,108,Angular
3,113,Antibiotic
4,499,Applicability
3,227,Approximation
2,78,Axiom
3,208,Bourgeois
4,378,Breakdown
3,78,Brightness
2,23,Canyon
3,70,Celestial
3,331,Clause
3,264,Cohesion
2,56,Collide
2,42,Colonialist
2,37,Colonization
3,100,Combustion
2,36,Compressor
3,138,Concede
3,246,Continually
4,429,Conviction
3,138,Cortical
2,50,Culminate
4,399,Curriculum
3,86,Cynicism
3,318,Defensive
4,345,Destructive
3,64,Detector
3,170,Disparity
3,204,Disrupt
3,153,Dissimilar
3,140,Distort
3,101,Dogmatic
3,188,Egalitarian
2,40,Egocentric
4,444,Elaboration
3,228,Elevation
3,200,Embody
4,489,Emergency
3,181,Emission
-1,-1,Endeavor
1,5,Enfranchise
4,589,Enterprise
4,539,Exclusive
4,602,Expertise
3,96,Extinct
-1,-1,Favorable
2,16,Fertilize
3,216,Fictional
3,424,Foster
4,844,Functional
4,763,Genetically
3,245,Heterogeneous
3,90,Humanistic
4,519,Humanity
3,243,Hypothetical
1,4,Illusionist
3,251,Imaginative
1,14,Immigrate
3,152,Impede
3,87,Impinge
3,87,Imprecise
4,441,Inappropriate
3,365,Indicator
3,215,Individualism
3,112,Inhibitor
3,138,Innumerable
3,342,Instability
4,433,Instrumental
2,51,Insulate
3,178,Insulin
3,278,Intake
3,200,Intellect
-1,-1,Intragroup
4,985,Involvement
4,555,Isolation
3,194,Kin
3,109,Kinetic
3,141,Longevity
1,4,Magnetosphere
2,49,Maladaptive
-1,-1,Mantlerock
3,199,Marketplace
3,182,Mediate
2,82,Melodic
2,10,Metalworking
4,436,Metaphor
2,38,Meteorological
1,2,Microgravity
-1,-1,Midocean
2,61,Modulate
3,148,Morphological
3,148,Morphologist
1,5,Nonscientific
4,438,Notable
2,57,Nuance
4,554,Obligation
3,446,Optimal
4,738,Originally
3,126,Outdated
3,91,Overwhelm
3,219,Paradoxical
2,52,Pathogen
3,281,Pathway
3,249,Perceptual
3,209,Periphery
3,312,Pervasive
2,15,Plankton
2,30,Positron
3,261,Potent
3,204,Precursor
3,361,Proximity
3,106,Psychiatrist
1,3,psychohistory
4,922,Reasonably
4,676,Recording
3,82,Recount
-1,-1,Reevaluate
4,624,Reliably
4,573,Remarkably
3,269,Rhetorical
3,310,Semantic
3,192,Sequential
2,59,Settler
3,275,simulation
3,125,Skeletal
3,326,Societal
3,325,Sociologist
2,22,Soprano
3,243,spectacular
4,589,Spectrum
3,236,Speculative
4,1063,Subsequently
-1,-1,Subsurface
3,258,Successor
2,6,Suppliant
3,263,Suppression
3,313,Susceptible
4,655,Symbolic
3,161,Symmetrical
4,696,Systematically
2,11,Tannin
1,4,Tentacle
4,390,Terminology
3,138,Thinker
3,50,Tranquility
3,313,Unacceptable
3,288,Unaware
3,67,Underwater
3,112,Unequivocally
3,150,Universality
3,57,Utopian
4,299,Verse
3,116,Veto
3,112,Visionary
2,78,Voter
3,86,Woodland
3,103,Abnormality
3,272,Abundance
4,389,Accumulation
3,98,Acoustic
3,269,Adherence
3,193,Admiration
1,7,Advection
3,341,Aggregate
2,60,Algae
3,190,Ally
3,240,Alternate
2,14,Alumina
3,82,Amorphous
3,125,Anecdotal
2,23,Antiwar
5,2038,Appropriately
3,133,Aristocracy
4,423,Artificially
3,87,Artwork
3,75,Assortment
3,289,Authoritative
3,171,Breakthrough
3,212,Cellular
3,264,Characterization
3,136,Chorus
3,127,Commentator
3,260,Commonplace
4,497,Comparable
4,384,Complementary
3,174,Complication
3,103,Conserve
3,294,Continuation
4,778,Continuously
2,23,Contrive
3,349,Cortex
2,35,Craftsmanship
2,43,Crater
4,394,Creativity
2,26,Creek
2,31,Decompose
3,299,Demographic
4,380,Demonstration
3,132,Depletion
3,115,Deprive
3,206,Designer
3,246,Detached
3,119,Deterministic
4,667,Dialogue
3,138,Disapproval
3,246,Discount
3,189,Dismissal
2,27,Disparage
3,287,Documentation
4,429,Dominance
4,680,Dramatically
4,711,Efficiently
3,82,Endocrine
2,36,Endothelial
2,39,Enlighten
3,154,Entrepreneur
2,32,Enumerate
3,189,Enzyme
3,103,Ephemeral
2,63,Expediency
3,178,Expedition
3,207,Experimentation
4,617,Experimenter
1,1,Eyedness
3,129,Fatty
2,34,Fictive
3,108,Fleeting
3,116,Flora
3,70,Foliage
4,428,Format
4,389,Formerly
2,48,Forthright
2,49,Guardianship
3,117,Guideline
3,168,Hemisphere
3,175,Hinder
3,360,Historic
3,242,Hitherto
3,318,Imagery
3,116,Immediacy
2,27,Immunosuppressive
4,505,Implementation
4,522,Implicit
3,197,Inaccurately
3,150,Inadequacy
4,465,Incidence
3,142,Incidentally
2,60,Inconsequential
3,92,Indignation
3,145,Indistinguishable
3,120,Indulge
2,28,Industrialist
4,544,Inevitably
3,122,Ingenious
4,1079,Institutional
3,377,Integrate
2,24,Interconnect
3,243,Interplay
2,64,Interrelationship
1,5,Intrasexual
3,250,Intuition
3,140,Invalid
3,264,Irregularly
1,2,Isogenic
4,542,Justification
2,29,Juxtapose
2,22,Larval
5,2291,Legally
2,30,Lizard
2,47,Macho
3,77,Magistrate
3,328,Manifestation
4,377,Mathematically
2,80,Memoir
4,547,Minimal
3,138,Misguided
3,113,Modernism
3,120,Monarch
3,178,Mutation
3,369,Negotiate
3,170,Obsolete
3,263,Offset
3,287,Oppression
3,112,Originality
2,43,Ornamentation
3,199,Outbreak
2,72,Overturn
-1,-1,Packinghouse
2,46,Parallelism
2,39,Particulate
2,55,Photon
2,48,Pilgrim
5,5386,Politically
4,423,Poorly
2,27,Portraiture
3,100,Postulate
3,357,Pragmatic
3,103,Precipitate
3,376,Preservation
3,343,Prevalence
3,177,Preventive
2,20,Priestess
4,491,Proposition
1,6,Proterozoic
3,172,Provocative
3,261,Questionable
3,60,Radiant
4,956,Rationally
3,190,Recruit
2,67,Regress
3,114,Regulator
4,596,Relevance
3,224,Resemblance
3,196,Reside
2,37,Restate
2,47,Romanticism
4,1191,Scientifically
-1,-1,Seafloor
2,36,Segregate
3,202,Segregation
3,305,Simultaneous
2,37,Smoker
3,338,Solidarity
3,112,Spectator
4,377,Spontaneously
3,108,Stylistic
3,242,Submission
1,3,Subnuclear
3,83,Substantiate
3,257,Supplier
3,316,Supposedly
3,222,Suspension
4,696,Systematic
3,259,Technically
2,23,Tempest
2,12,Tetralogy
3,186,Theorem
2,59,Theorize
3,109,Topography
3,385,Transaction
3,174,Unaffected
3,107,Unskilled
3,90,Unwarranted
3,183,Valve
3,393,Viable
3,376,Workplace
2,46,Absolutism
2,40,Acidity
2,11,Acrobatic
3,148,Activate
3,233,Adhere
3,87,Adrenal
2,43,Adrenergic
3,223,Affinity
4,513,Aggressively
2,13,Agitator
3,286,Alert
3,167,Alpha
3,146,Amateur
3,138,Anatomical
3,130,Antagonism
3,96,Antagonist
2,11,Antislavery
2,78,Antithetical
2,27,Apocalypse
3,65,Appreciable
3,157,Apprehension
3,347,Arguably
2,18,Aria
3,329,Articulate
3,222,Ascertain
3,118,Assimilate
1,0,Asteroidal
4,542,Atmosphere
4,435,Attachment
2,75,Authorize
3,131,Awe
3,81,Ballot
3,136,Benevolent
3,263,Benign
2,10,Biochemist
2,45,Camouflage
4,400,Capability
2,57,Cataract
4,380,Caution
3,79,Cereal
3,179,Chiefly
2,26,Chimpanzee
3,100,Circumvent
3,211,Clergy
2,49,Clone
3,288,Coastal
2,45,Collage
2,19,Cometary
3,356,Commentary
2,60,Commonwealth
3,199,Compassion
4,390,Compatible
2,95,Conceptualization
2,57,Conciliatory
3,318,Conditional
3,167,Confer
2,62,Confound
3,164,Constrain
2,69,Construe
2,62,Contemplative
3,343,Convergence
2,81,Convergent
5,1903,Critically
2,33,Crystallization
3,309,Cult
2,57,Customarily
2,64,Cutaneous
3,130,Cynical
1,3,Daguerreotype
2,19,Debunk
3,323,Declaration
3,230,Demise
3,245,Denote
4,837,Depression
2,43,Derision
3,183,Devoid
3,95,Diabetic
4,428,Diet
3,248,Diffuse
3,170,Directive
3,191,Disappearance
3,113,Disdain
2,51,Dispassionate
3,129,Dispersion
4,755,Divine
3,203,Documentary
3,353,Domination
3,95,Drawback
3,138,Ecclesiastical
3,244,Ecology
3,80,Elemental
3,67,Eloquence
3,99,Eloquently
4,926,Empirical
1,7,Encase
2,69,Encroachment
3,157,Epistemology
3,160,Equivalence
3,90,Erode
2,78,Ethanol
4,948,Ethical
3,62,Evaporation
3,97,Exaggeration
2,72,Excel
4,368,Exceptional
2,26,Exchanger
3,123,Exogenous
3,181,Expectancy
2,43,Expire
2,11,Expressionist
4,932,Extensively
4,357,Extract
3,117,Facet
3,105,Fiber
3,211,Formidable
1,2,Fossilize
2,8,Galactic
2,38,Glean
1,4,Globule
2,43,Grassland
3,152,Habitually
2,71,Hamper
3,245,Heterogeneity
4,463,Highlight
3,89,Humidity
3,91,Hydraulic
2,40,Hydrocarbon
2,51,Hypothesize
3,123,Immature
3,230,Imminent
3,95,Impart
3,258,Impetus
3,128,Improperly
3,288,Incapable
3,94,Indictment
4,526,Indirectly
3,161,Inextricably
2,39,Infective
2,9,Infestation
4,379,Infinitely
4,655,Informal
3,109,Infrequent
3,211,Inhibition
3,95,Instinctive
4,594,Intensely
3,113,Intensify
2,21,Intricacy
3,165,Investor
3,113,Juxtaposition
-1,-1,Laborer
3,134,Layered
2,69,Legislate
3,161,Legislature
1,5,Leguminous
2,40,Linguist
3,264,Literal
4,365,Machinery
3,218,Manipulatable
3,270,Marital
4,960,Markedly
3,55,Marvel
3,249,Maximize
4,575,Meaningful
4,478,Methodological
3,194,Metropolitan
1,6,Milligram
2,28,Misinterpretation
3,170,Misuse
2,38,Monogamous
2,12,Morphogenetic
1,2,Multispectral
3,153,Mythology
3,160,Narrator
2,21,Nontraditional
2,36,Norepinephrine
3,231,Nutrition
3,152,Nutritional
-1,-1,
3,213,Objectivity
3,203,Optimum
2,60,Organizer
2,79,Orient
3,57,Oscillation
3,165,Outsider
2,17,Overemphasize
2,32,Overshadow
3,132,Overthrow
3,250,Overtly
2,38,Pacifist
3,61,Painstaking
3,334,Panic
3,91,Parasitic
2,24,Perpetrator
3,312,Pervasiveness
2,6,Photoelectric
2,42,Photosynthetic
1,11,Phylum
3,169,Physiology
3,323,Placement
3,172,Plague
3,74,Polarity
3,75,Polemical
3,101,Polymer
3,118,Poster
3,95,Pottery
3,282,Practitioner
1,9,Precolonial
3,116,Predicament
3,327,Predictable
3,116,Predominance
2,36,Premodern
3,140,Prescriptive
4,488,Presumably
3,148,Presume
3,76,Pristine
3,251,Privately
4,634,Profile
3,256,Profitable
3,352,Progression
3,272,Prominence
3,79,Prop
3,366,Prospective
4,451,Publicly
1,3,Racemization
4,578,Racially
3,362,Radically
2,27,Raucous
3,89,Reactor
1,3,Reconvert
3,308,Recurrent
3,76,Redefinition
3,120,Redundancy
3,154,Refinement
2,41,Reinterpret
3,170,Reservoir
3,323,Restoration
3,278,Restrictive
1,2,Resynthesis
3,132,Retrieve
4,410,Rigidity
2,64,Rigor
3,339,Rigorous
3,179,Rupture
3,89,Satire
4,382,Satisfactorily
2,43,Scanner
2,18,Scientistic
3,134,Secretion
3,154,Sectional
4,447,Selective
4,447,Selectively
3,207,Serial
3,210,Serum
3,336,Severity
2,13,Sociobiology
3,203,Solitary
3,124,Sparse
2,10,Spinner
2,17,Stagger
2,46,Standardize
3,202,Statute
2,30,Stellar
2,92,Storytelling
2,13,Stratospheric
3,241,Strive
2,55,Structuralism
2,28,Stunted
1,6,subarctic
2,15,Subatomic
3,287,Subordinate
4,478,Subtly
3,107,Sue
1,8,suffragism
-1,-1,sulfide
2,51,sulfur
2,48,symbiosis
2,23,synchronize
-1,-1,
3,129,Syntax
3,88,Tenor
2,10,Termite
3,258,Terrain
3,239,Texture
4,479,Theology
2,18,Theoretician
1,2,Thundercloud
3,315,Tract
3,105,Transgression
3,235,Transient
2,46,Transporter
3,161,Treatise
2,26,Twig
2,52,Ultraviolet
3,169,Unavailable
3,84,Uncritical
3,281,Unfairly
2,73,Unintentional
4,1034,Uniqueness
3,211,Unlimited
3,290,Unwillingness
2,14,Urchin
3,187,Utilization
3,127,Vaguely
3,123,Venus
4,558,Verbal
3,86,Volcanically
2,8,Walrus
1,9,Warbler
3,294,Warfare
3,260,Warrant
2,25,Weaver
4,776,Willingness
-1,-1,Worksite
3,486,Worldwide
2,61,Aberration
4,304,Absorption
2,42,Abstractly
3,209,Absurd
2,61,Accentuate
4,562,Accessibility
3,99,Accompaniment
3,210,Acknowledgement
2,23,Acquaint
3,189,Activist
4,437,Adaptability
4,361,Adjacent
4,443,Adjustment
2,19,Admonish
3,199,Adulthood
2,25,Aerodynamic
2,68,Aesthetically
3,166,Affirm
3,263,Akin
4,502,Albeit
3,161,Align
3,221,Alignment
2,29,Alkali
3,120,Allusion
3,195,Ambivalent
1,4,Amnestic
3,144,Ancestral
3,222,Anthropological
3,76,Antipathy
3,168,Antiquity
2,35,Appeasement
2,53,Appraise
5,2038,Appropriateness
3,210,Apt
4,429,Arbitrarily
3,138,Archaeology
3,117,Archaic
2,89,Archival
3,117,Ascribe
4,323,Assault
1,4,Astound
3,118,Asymmetric
2,7,Aurora
3,323,Authentic
2,74,Authorial
3,327,Avoidance
2,37,Bacterium
3,248,Ban
3,243,Binary
3,128,Biochemical
2,14,Blob
4,505,Broadly
3,85,Capillary
2,27,Capitalistic
2,53,Carbonate
3,98,Categorize
2,38,Catholic
4,496,Causal
3,260,Cerebral
2,13,Choreographer
3,217,Clash
1,7,Climatological
1,3,Cline
2,42,Codify
4,1271,Cognitive
3,308,Coherence
4,457,Coherently
3,253,Comparatively
4,486,Compensation
3,154,Competitor
3,187,Concomitant
2,8,Condescend
3,218,Conducive
3,340,Conform
3,269,Confrontation
2,13,Conifer
4,765,Consciously
3,182,Consecutive
3,285,Consequent
3,190,Conspicuous
3,120,Constellation
3,187,Contraction
4,356,Convincingly
4,762,Cooperation
3,134,Counteract
2,49,Cytoplasm
2,13,Defenseless
3,188,Deficient
3,123,Deformation
3,290,Degradation
3,66,Degrade
3,102,Delineate
1,1,Delocalize
3,119,Delta
3,343,Denial
3,284,Densely
2,6,Deprecate
3,132,Derivation
3,74,Descendant
4,542,Desirability
3,157,Deter
3,94,Deterioration
3,209,Devotion
3,67,Diesel
3,251,Diplomatic
2,25,Dipole
3,206,Disappointment
2,44,disapprove
3,88,disbelief
3,85,discredit
3,195,discrepancy
3,291,discretion
3,102,disinterested
3,220,disparate
3,77,disperse
3,103,disseminate
3,211,dissent
4,617,distinctiveness
4,1089,distinctly
3,107,diverge
3,212,divergent
2,42,divisible
2,35,dramatist
3,207,dubious
3,74,dusty
3,115,eclectic
3,69,eclipse
3,142,economist
3,124,elasticity
3,98,elevate
3,206,eligible
3,137,empower
3,122,emulate
3,149,endogenous
3,179,energetic
2,23,energize
2,53,enigma
3,128,enrich
3,88,ensue
3,353,entertainment
2,32,entrench
4,394,episode
-1,-1,equiluminant
3,276,erosion
3,99,esoteric
4,345,esteem
2,34,ethnocentric
2,4,evaporator
3,73,expel
3,332,explanatory
4,440,exploitation
3,182,exposition
3,184,extant
2,43,externality
5,1482,externally
3,242,factual
2,48,farce
3,295,fascinating
3,322,feasibility
3,100,fertilization
3,139,fidelity
4,1236,firmly
2,43,fissure
2,17,flashback
2,61,Fleshy
4,547,Flexibility
2,20,Flotation
3,96,Foresee
3,280,Fragile
2,23,Frictional
2,21,Gamete
3,93,Gigantic
3,130,Goddess
3,87,Grandeur
1,3,Greenwood
3,175,Guardian
3,78,Guitar
2,14,Guitarist
2,26,Halve
3,168,Harmonious
2,14,Heron
2,42,Herring
4,836,Holding
3,227,Honor
3,137,Hopelessness
2,52,Hospitable
3,85,Humanism
3,117,Hunter
2,23,Hydrated
2,20,Hydrologic
2,13,Hydrothermal
2,29,Iconoclastic
3,136,Idealism
4,812,Identification
3,281,Imaging
3,137,Impartially
3,433,Imperial
4,505,Implement
3,148,Inaccessible
2,44,Inaccuracy
2,14,Inactivate
2,51,Incisive
3,114,Incur
-1,-1,Indiv
2,67,indivisible
3,268,ineffective
3,78,inexplicable
2,21,ingest
3,301,inheritance
3,240,innate
3,146,insightful
3,220,insignificant
3,267,insofar
2,44,instigate
4,532,integral
-1,-1,interbody
2,20,intercellular
3,165,interdependent
4,1194,intervention
2,61,invalidate
3,210,invoke
3,186,ironically
2,15,islet
2,49,kindergarten
4,747,laboring
2,3,lave
1,8,lawmaker
4,456,liability
3,166,lineage
3,266,locus
-1,-1,longhouse
3,74,lyric
3,57,lyrical
3,197,magical
4,502,marginal
2,74,materialize
-1,-1,meager
3,346,medication
2,34,melodrama
2,18,metalwork
3,241,metaphysical
2,87,microbial
3,175,Milieu
3,74,Mindedness
1,3,Misdirect
3,120,Mock
3,148,Modal
3,128,Modality
3,119,Mosaic
3,76,Mountainous
2,45,Mucus
3,210,Multiplicity
1,10,Musicologist
2,41,Mystique
3,85,Mythological
3,-1,-1
1,0,Nannoplankton
3,130,Navigate
3,113,Necessitate
3,189,Negligible
2,46,Neurotransmitter
3,142,Nobility
1,2,Noncombat
-1,-1,
2,72,Nonexistent
1,3,Nonmetallic
-1,-1,Non-representational
4,542,Notably
3,205,Novelty
3,294,Numerical
3,168,Nurture
4,1129,Objectively
3,91,Obscurity
3,122,Observational
3,73,Occult
2,34,Oligarchy
3,234,Optimism
2,14,Oratorical
2,34,Orchestrate
2,52,Originator
2,42,Outnumber
3,148,Outweigh
3,398,Overlap
3,125,Override
1,1,Overutilization
2,26,Pacifism
3,119,Pamphlet
4,524,Paradigm
3,110,Pedagogical
2,55,Penicillin
3,105,Performer
3,72,Perilous
3,249,Periodic
2,48,Pesticide
2,21,Pitcher
1,0,Planetwide
3,161,Plea
4,821,Pointedly
1,10,Policymaker
3,61,Pore
3,114,Posit
2,18,Preconception
3,241,Premature
3,97,Presuppose
2,28,Presynaptic
2,29,Pretension
2,33,Pretentious
3,215,Primacy
2,64,Proliferate
3,251,Propaganda
1,1,Protandrous
2,57,Proton
5,3139,Provider
3,161,Psyche
3,222,Psychoanalysis
3,100,Purification
2,65,Quantifiable
3,338,Quest
3,307,Racism
1,4,Raindrop
3,124,Rally
2,59,Reaffirm
3,171,Realist
2,44,Rearrange
3,80,Reassessment
3,118,Recollection
2,44,Recompense
2,81,Reconciliation
3,213,Refrain
2,79,Relocation
2,45,Reorganize
2,39,replenish
2,19,reptile
3,209,resentment
3,206,respectable
2,38,retard
3,153,retinal
4,499,retrieval
4,467,revenue
3,269,reversal
2,14,rhesus
3,196,safeguard
3,173,scarcity
3,178,schema
1,7,sebum
5,1360,seriousness
4,327,sheer
2,57,shipment
2,31,sidestep
3,49,silica
3,107,simulate
-1,-1,sociodemographic
3,288,sociological
2,65,sociopolitical
3,181,sophistication
2,34,southward
4,666,spatial
3,98,spectral
3,167,speculate
3,83,spontaneity
3,119,sporadically
3,129,stabilize
3,202,strand
4,581,strikingly
3,108,Stylistically
3,360,Substantive
3,261,Substitution
3,126,Subversive
3,86,Subvert
3,79,Succumb
3,297,Superficially
3,301,Superiority
3,158,Supernatural
2,50,Supplant
4,394,Supportive
3,262,Suspicious
2,18,Symphonic
2,32,Synapse
4,801,Syndrome
3,164,Tactic
3,274,Taxation
3,121,Temperament
3,96,Tenet
3,243,Textual
3,167,Theatrical
4,436,Threshold
4,540,Totally
1,7,Toughen
3,142,Toxicity
2,10,Tropic
3,113,Turbulence
2,81,Unchecked
3,113,Undeniable
2,49,Undetermined
3,95,Undifferentiated
2,62,Unfulfilled
-1,-1,unicelluar
2,12,Uninspired
2,55,Uninterested
4,1034,Uniquely
3,320,Universally
3,293,Unprecedented
-1,-1,Unpredictably
3,88,Unqualified
3,210,unrealistic
3,208,unreliable
3,197,unresolved
2,61,unrestrained
3,105,upheaval
3,147,uptake
1,2,vagary
3,149,validate
2,36,venom
4,829,versus
3,156,vibrant
1,5,victimless
3,115,vigilance
4,1110,visually
3,170,vitality
3,262,void
1,9,volcanism
4,628,vulnerability
3,188,wary
3,123,watershed
4,504,whereby
2,18,wistful
4,401,withdrawal
3,77,yarn
3,80,yeast
3,87,zinc
3,211,abandonment
1,2,abrade
3,157,abruptly
4,731,acceptability
3,109,accrue
2,48,acculturation
2,26,acquisitiveness
5,1566,actively
2,18,adaptively
3,114,additionally
3,127,adeptness
3,153,adequacy
2,42,adorn
1,1,Adultness
1,1,Advect
4,451,Adverse
2,13,Advertiser
3,178,Aging
3,232,Alarmingly
2,49,Albumin
2,14,Aldehyde
3,286,Alertly
3,83,Allegory
3,192,Alleviate
2,31,Amass
3,172,Amenable
2,55,Anarchic
3,105,Anarchy
2,52,Annex
2,13,Annotate
1,0,Anole
3,127,Anomaly
2,55,Apologetic
-1,-1,
2,70,Apprehend
3,95,Aquatic
2,68,Arbiter
3,355,Arena
2,56,Argumentative
3,105,Arid
4,480,Array
3,108,Arrogant
2,34,Artful
4,358,Artistically
2,38,Artistry
3,148,Aspire
2,13,Assail
3,454,Asset
3,97,Athletic
3,222,Attainment
4,623,Attractiveness
3,217,Attributable
2,10,Attune
3,109,Augment
2,7,Auroral
3,143,Autobiographical
2,69,Automotive
3,116,Avail
2,65,axiomatic
4,451,axis
2,50,bachelor
3,92,barren
1,0,bearlike
2,20,belittle
3,113,bilingual
3,76,biographer
2,51,bloodstream
3,371,bodily
2,35,bog
2,18,bombard
2,69,boycott
1,8,bract
3,328,breach
3,108,brutality
1,2,burgeon
2,22,burrow
1,4,cannibalize
1,7,cantor
2,78,capitalize
3,86,captivity
3,178,caste
3,179,catalyst
2,58,causative
2,31,cavalier
3,264,celebration
2,8,centaur
2,33,centerpiece
3,154,cessation
4,624,channel
3,165,charter
3,111,childbirth
2,47,choral
1,7,choreographic
2,63,cinematic
1,3,circlet
2,32,circumscribe
2,69,circumstantial
1,3,cirrus
2,10,civics
3,165,clearance
1,1,climatologist
3,96,cling
3,204,Coercion
3,132,Coexist
2,65,Cogent
2,48,Coincidentally
4,498,Collaboration
3,123,Collector
1,6,Colloquialism
2,37,Colonize
3,211,Compactly
3,97,Compassionate
4,772,Competitiveness
3,330,Complement
4,519,Compliance
3,334,Comply
3,257,Composite
2,60,Compositional
3,206,Comprehend
3,128,Compulsion
2,24,Concatenation
3,168,Conceivable
3,165,Concurrent
2,40,Conformational
3,66,Conjure
2,112,Connectivity
2,13,Consanguinity
2,21,Conservationist
3,142,Conservatism
4,399,Consistency
3,175,Consolidate
3,190,Conspicuously
2,38,Contaminate
3,210,Contamination
3,59,Contentment
2,28,Contrivance
4,797,Conventionally
3,175,Converge
3,146,Converse
3,332,Cooperative
3,456,Coordination
3,135,Cornerstone
2,24,Correctional
3,127,Correspondingly
2,51,Corroborate
2,15,Corroborative
3,231,Corrupt
3,429,corruption
1,4,Counterevidence
2,72,Counterpoint
3,314,Credibility
3,95,Creed
2,31,Crystallize
3,153,Cue
3,254,Cultivation
4,498,Currency
2,79,Curtail
3,70,Cylindrical
2,16,Dazzle
-1,-1,De facto
3,66,Debut
3,152,Decidedly
4,367,Decisive
3,110,Decomposition
2,22,Decry
3,103,Defender
3,101,Defer
1,1,Defoliation
2,21,Deform
3,113,Defy
1,6,Dehydrate
3,122,Deity
3,104,Deleterious
3,92,Demon
3,112,dental
2,27,deplore
3,186,designation
3,87,detective
3,94,deteriorate
2,88,deterrence
2,20,detest
2,16,devastate
2,37,devour
1,1,dextrality
4,386,diagnostic
3,106,diagonal
3,211,dichotomy
4,435,differentially
5,7223,differently
3,98,digit
4,444,disability
2,47,disadvantageous
3,216,disastrous
3,210,discern
1,3,discolor
3,93,discontinuous
2,10,discreditable
3,81,discreetly
2,45,disequilibrium
-1,-1,disfavored
3,79,dishonest
3,68,disillusionment
2,70,disjunction
2,42,dislodge
3,96,dismay
2,22,disparagement
3,107,dispense
2,12,dispersive
3,183,disproportionate
3,217,dissatisfaction
3,133,dissatisfied
2,40,dissension
2,47,dissociate
3,211,Dissolution
3,105,Distinguishable
3,207,Distortion
3,124,Divert
4,436,Dual
3,92,Duplicate
3,278,Eagerness
2,35,Eccentricity
1,5,Echolocate
2,16,Economize
3,286,Editorial
2,70,Egalitarianism
2,13,Ellipsoidal
3,107,Elucidate
3,212,Elusive
2,73,Emanate
2,20,Emancipate
3,184,Embarrassment
2,28,Embellish
3,121,Emigration
4,1123,Emotionally
1,7,Endogamy
3,226,Enhancement
3,128,Ensemble
2,32,Enumeration
2,47,Environmentalism
3,165,Epic
3,190,Epidemic
3,108,Episodic
2,6,Equalizer
2,35,Equatorial
4,551,Equilibrium
3,78,Eruption
1,6,Eruptive
4,948,Ethically
2,27,Ethnocentrism
2,43,Evidentiary
2,24,Evolutionarily
2,21,Exalt
3,324,Excellence
4,544,Excessively
3,86,Excitation
4,270,Excitement
1,4,Exogamous
1,4,exogamy
3,219,exotic
4,619,experimentally
2,35,expound
3,228,expressiveness
-1,-1,extrasocial
3,112,extravagant
2,55,exuberant
3,269,facial
3,120,faithfully
2,51,fallibility
2,49,fallout
3,76,fanciful
3,170,fantastic
4,302,fantasy
2,47,fecundity
4,659,federally
2,24,flask
3,67,flatter
2,61,flavor
3,92,fledged
1,3,foible
2,42,forage
3,138,foreseeable
2,20,forethought
3,144,forge
4,462,formally
3,282,forum
3,314,founder
3,280,fragility
3,255,fragmentation
3,78,frenzy
3,323,frustration
2,15,functionary
2,67,fungal
3,149,futile
3,108,generalize
1,-1,geohydrology
3,71,geology
3,152,geometric
2,17,geophysical
1,2,geophysicist
2,23,giddy
2,20,globular
3,117,Gloss
2,33,Gorge
3,95,Gratification
3,133,Greed
3,84,Grievance
-1,-1,Groundbreaking
2,32,hallucination
3,80,Haphazardly
3,178,Hazardous
2,64,Helix
3,166,Homeland
2,53,Homeostasis
2,25,Homestead
2,33,Hone
-1,-1,Hydrogeologic
1,3,Hydrogeology
-1,-1,Hydrophilia
1,3,Hymnal
2,18,Idealize
3,248,Identifiable
2,62,Illogical
3,106,Immaterial
3,154,Immensely
2,63,Immobility
3,102,Impair
3,326,Impairment
3,76,Impatience
3,224,Imperfect
3,100,Implausibility
3,100,Implausible
4,522,Implicitly
4,518,Importantly
3,80,Importation
3,251,Imposition
2,31,Impressionistic
3,215,Imprint
3,108,Improbable
3,128,Improper
3,72,Improvisatory
4,441,Inappropriately
3,160,Incoming
3,261,Incorrectly
2,29,Indecisive
3,153,Indefinitely
2,11,Indirection
3,82,Indiscriminately
2,73,Individualist
3,141,Individualistic
3,187,Individuality
2,25,Industrialism
1,10,Industrialization
3,180,Inefficiency
2,47,Inequity
2,23,Inexact
2,32,Infinitesimal
3,211,Informative
2,21,Ingestion
3,275,Injustice
2,45,Inordinately
3,159,Inscription
1,2,Insectivore
2,23,Insincere
3,106,Instantaneously
3,113,Insulation
3,167,Intelligible
3,90,Interchange
2,56,Interconnection
3,184,Intercourse
3,206,Interdependence
2,44,Interminably
2,61,Internalize
5,1566,Internally
2,51,internationalism
3,330,interpersonal
1,5,interplanetary
3,127,interpretative
3,302,intervene
3,67,intestine
4,457,intrinsic
3,229,introductory
2,52,introspective
3,165,intrusion
3,86,inventive
3,86,inventiveness
2,21,invertebrate
3,152,involuntary
3,260,irrational
2,33,irrefutable
2,35,irreparable
3,170,irrigation
2,60,jeopardize
2,24,jettison
2,13,jocular
3,74,journalistic
3,70,junk
2,61,landowner
2,18,laudatory
2,61,lawsuit
3,141,legendary
4,643,legitimate
2,82,legitimize
-1,-1,lighthearted
1,6,liquefy
3,130,literate
3,154,lobe
2,68,locale
1,6,lockstep
2,33,locomotion
3,98,lofty
-1,-1,longstanding
2,28,loophole
2,30,Loyalism
2,42,Lukewarm
2,9,Luminance
2,14,Luminosity
2,52,Lunar
2,38,Magnify
4,515,Mainstream
3,101,Maize
4,415,Manifest
3,370,Manipulation
3,278,Marking
-1,-1,Marvelously
3,265,Masculine
3,206,Mastery
2,17,Matrilineal
3,216,Meaningless
1,4,Mechanize
3,161,Memorable
2,20,Mercurial
1,1,Metalloid
3,166,Metaphorical
-1,-1,
3,100,Meticulous
2,20,Microbiology
2,59,Migratory
2,16,Miller
2,11,Millimeter
2,10,Millionth
2,26,Minefield
2,35,Minuscule
1,3,Misinform
3,114,Misplaced
3,172,Mitigate
3,99,Mob
3,142,Mobilize
3,89,Momentarily
3,415,Monetary
3,107,Monk
3,156,Morale
2,25,Moralist
3,116,Multiplication
-1,-1,Multireel
3,178,Mundane
4,574,Musically
2,30,Mutability
2,10,mystify
5,2984,nationally
2,19,navigator
3,187,neutrality
2,52,Newtonian
-1,-1,nonnative
1,9,nonrandom
2,7,nontoxic
2,29,nonviolence
3,226,notwithstanding
2,56,nourish
2,64,noxious
3,83,objectionable
1,6,oceanographer
2,87,offense
3,275,offensive
3,161,offshore
2,14,olivine
3,185,omission
4,698,ongoing
3,141,opaque
-1,-1,optomechanical
2,45,orator
3,97,orbital
3,184,ordination
3,57,oscillation
1,6,outcropping
3,84,outflow
3,81,outgoing
2,25,outstrip
2,51,overlay
2,21,oversimplify
2,55,overstate
1,11,paleontologist
3,97,paraphrase
3,270,parliamentary
-1,-1,passerby
3,217,passionate
4,529,passively
2,53,pathogenic
3,220,pathology
2,23,peacock
4,386,peer
3,72,perceptible
2,13,Percolate
3,103,Permeability
3,140,Perpetuate
2,8,Perplex
2,50,Perturbation
3,97,Pessimism
2,89,Pest
3,56,Phantom
2,26,Philanthropist
1,0,Pianola
3,93,Pictorial
2,8,Piecework
2,27,Pitfall
3,211,Pivotal
2,40,Platinum
3,160,Plight
2,35,Plume
3,178,Pluralism
1,7,Plutocratic
1,5,Pollinator
2,66,Polygamy
2,22,Popularize
2,50,Populate
2,35,Porosity
2,45,Possessor
2,59,Posthumous
2,35,Postsynaptic
4,1259,Powerfully
3,96,Preach
1,-1,Prebiological
2,47,Predation
3,101,Predominate
-1,-1,Preexist
4,632,Pregnancy
2,53,Prehistory
1,4,Preliterate
3,220,Preoccupation
3,219,Presidential
2,42,Preventable
4,594,Prevention
2,63,Primate
3,368,Privileged
2,93,Probabilistic
4,505,Proceed
2,21,Prodigality
3,60,Prodigious
3,275,Producer
4,501,Productivity
2,71,Progeny
2,32,Programmer
2,65,Prohibitively
3,72,Proletariat
4,695,Prominently
4,629,Promotion
3,185,Promptly
3,78,Propagate
2,60,Propel
3,220,Propensity
3,143,Prophet
3,256,Proportionally
1,1,Protogynous
3,102,Provocation
4,1146,Psychologically
2,43,Publicize
4,363,Publisher
2,17,Pulley
3,235,Qualification
3,201,Racist
3,125,Rainfall
3,136,Ramifications
2,57,Ratify
3,67,Ration
3,404,rationale
2,69,rationalize
1,0,reaggregate
3,337,realization
1,6,reaper
2,36,reappearance
3,193,receptive
2,34,recital
2,15,recombine
4,375,recoverability
3,97,recreate
3,152,recreational
2,47,recycle
3,181,redistribution
2,76,reductive
2,57,reef
-1,-1,reexamine
2,16,reflectivity
3,84,refreshingly
3,206,refugee
4,934,regime
2,91,reiterate
5,2812,relatedness
2,31,relegate
4,363,remainder
3,296,rendering
3,64,renunciation
3,104,repay
2,55,repel
2,37,repellent
3,166,replicate
4,717,representativeness
3,132,repressive
2,52,repulsive
1,1,reradiate
2,18,resell
2,57,resettlement
3,91,respiration
2,40,restatement
3,293,Revelation
2,27,Reverie
3,74,Reviewer
3,266,Revival
3,83,Rhyme
2,54,rightness
2,15,rocker
3,100,rocky
3,193,romancer
3,252,salient
3,92,salinity
2,18,satiric
2,22,saturate
2,5,Saxophonist
1,3,Schematize
2,12,Sculpt
4,360,Searchingly
4,1463,Sector
2,69,Sedentary
2,31,Seep
4,378,Segment
3,138,Seizure
3,75,Selectivity
3,276,Sentiment
2,80,Servitude
3,66,Sexism
5,1628,Sexually
2,10,Shrew
3,96,Sibling
1,0,Sidedness
3,108,Sincerely
3,130,Skeleton
2,46,Skillfully
2,9,Skit
3,81,Snap
3,142,Socialization
5,8479,Socially
3,325,Sociology
2,12,Soloist
-1,-1,Somber
2,20,Sonata
2,27,Southernmost
2,25,Soybean
2,24,Spatiotemporal
2,37,Spawn
3,268,Specificity
1,2,Spectrographic
3,86,Speedily
3,231,Sperm
2,22,Splice
3,119,Sporadic
3,129,Stabilization
4,431,stance
2,64,starch
2,46,statehood
2,29,stateless
3,133,stereotypic
3,111,stereotypical
2,50,stifle
3,323,stimulation
3,60,stout
4,996,strategic
3,95,stray
4,546,strictness
3,176,stringent
3,66,stronghold
2,9,stun
2,51,subdue
3,80,subjection
4,608,subjectivity
2,28,subjugation
3,154,subordination
3,216,subsidiary
2,41,subsystem
3,85,subtlety
3,145,suite
3,67,summation
2,13,superimpose
1,1,superphosphate
-1,-1,superposed
2,54,supersede
4,399,supervision
2,29,surmount
3,193,symmetry
2,71,synonym
2,26,syntactical
2,52,tangential
2,52,tangle
3,215,tappable
2,16,technicality
2,35,tectonic
4,615,temporarily
3,100,Testament
3,106,theologian
4,497,therapeutic
4,497,therapeutically
2,20,Thunderstorm
3,52,Tile
3,96,Tilt
2,14,Titanic
3,155,Toll
2,5,Torpid
3,84,Totalitarian
2,55,Traceable
3,252,Tragic
3,116,Transcendence
2,16,Transcontinental
2,59,Trash
3,75,Traverse
2,22,Triviality
2,33,Troupe
2,24,Tubule
2,35,Typify
2,62,Tyrannical
2,58,Unaltered
3,111,Unanimous
2,14,Unappreciated
2,11,Unashamedly
2,31,Unavailability
3,82,Unbroken
4,727,Uncertainty
-1,-1,
3,308,Uncommon
2,50,Unconcerned
3,103,Unconventional
3,291,Understandable
2,20,Undervalue
3,63,Undoubted
3,130,Unduly
2,26,Unearth
3,269,Unfamiliar
-1,-1,Unfavorable
2,25,Unforeseeable
1,2,Unforgotten
1,4,Unformulated
4,523,Uniformly
1,1,unilluminating
2,22,unimaginative
2,31,unimpeded
3,172,unintended
1,4,uninterpretable
1,5,unionize
2,34,unjustifiably
2,50,unleash
3,134,unmarried
2,30,unmitigated
1,6,unpopulated
3,81,unproductive
3,78,unprotected
3,81,unquestionably
3,93,unravel
2,66,unrecognized
2,46,unreliability
2,36,unrepresentative
2,10,unresponsiveness
2,27,unsaturated
3,269,unsuccessful
3,64,unsupported
2,38,unsuspecting
2,26,unsystematic
2,22,untried
3,83,untrue
1,6,unverifiable
2,43,upbeat
2,42,upland
3,111,uprising
-1,-1,upwelling
3,104,usable
1,5,usurer
3,169,utilitarian
3,252,utterly
2,53,vacancy
1,6,vaporize
3,293,variant
3,281,vascular
2,52,vehemently
3,324,versa
3,85,versatility
2,33,vineyard
3,319,violation
2,26,virtuoso
3,189,virtuous
2,37,vista
3,90,visualize
1,3,vulgarization
3,85,waning
2,27,wariness
2,26,waxing
2,24,wholehearted
2,80,wield
4,582,wildness
3,101,withhold
3,283,workforce
4,1184,wrong
2,56,yardstick
2,17,zoological
2,13,abbreviate
2,71,aberrant
3,133,abide
3,141,abound
2,23,absorber
3,225,abstraction
2,10,abstractness
2,11,abut
3,105,academia
-1,-1,accommodationist
3,254,accountability
3,140,accusation
3,139,achievable
-1,-1,acrobacy
2,7,acrobat
2,33,activator
2,63,acuity
3,168,acutely
2,20,adduce
3,61,adhesive
3,127,admirable
3,-1,-1
4,425,admit
1,5,advective
3,107,aerial
1,1,aerobes
2,60,aerobic
3,276,affective
2,31,afflict
2,45,afloat
2,10,ageless
3,163,aggregation
2,53,aggressor
2,59,agility
2,44,ahistorical
3,300,alien
3,208,alienation
2,38,alight
2,12,alkaloid
3,208,allegedly
2,63,allude
4,552,alongside
3,196,alternatively
3,96,amend
3,97,amplification
3,126,amplitude
3,112,amusement
2,76,anachronistic
1,3,anaerobe
3,131,analogue
2,48,anarchist
2,35,annihilate
3,73,annoyance
2,21,annul
3,104,anomalous
2,82,Antarctic
3,74,anthology
3,222,anthropology
-1,-1,anticommunist
-1,-1,antidiscrimination
1,6,antifeminist
1,2,antimatter
1,7,antiracist
3,110,antisocial
3,110,antithesis
2,23,antiviral
3,173,appendix
2,23,apportion
2,24,apportionment
3,271,appraisal
3,66,appreciative
3,52,apprehensive
3,85,apprenticeship
2,48,approbation
2,50,arcane
3,96,archetypal
3,204,architect
3,176,archive
1,4,archon
2,90,argumentation
2,41,aristocrat
2,51,artisan
2,44,ascription
3,224,aspiration
3,82,assemblage
4,737,assessable
2,17,assimilationist
4,823,assistance
2,37,assuredly
3,98,astute
2,6,atelier
2,11,athleticism
3,92,attest
3,115,attorney
3,148,atypical
3,57,austerity
3,323,authentically
2,22,authenticate
3,226,authenticity
3,132,authorship
1,5,autobiographer
2,24,automate
4,348,automatically
-1,-1,avant
3,104,averse
3,64,awaken
2,20,babbling
3,197,backdrop
2,21,backfire
2,47,ballad
3,72,banal
3,72,banality
3,69,bandwidth
3,143,bankruptcy
3,65,banquet
2,23,beget
2,53,belated
2,42,benefactor
1,2,bereave
1,4,bewilder
3,304,biblical
2,53,biochemistry
1,6,biomolecular
2,33,biosphere
3,194,bishop
2,24,bison
3,282,Bitterness
3,180,Bizarre
2,20,Blemish
2,11,Blithely
3,116,Blockade
2,9,Blubber
3,103,Blur
2,21,Bode
3,115,Bolster
3,75,Bondage
3,120,Borderline
2,26,Botanist
3,66,Boundless
3,121,Bourgeoisie
3,65,Bout
2,35,Bracing
2,24,Breakaway
2,33,Brew
2,25,Brewery
4,413,Brightly
4,274,Brilliantly
2,59,Broadband
2,23,Brownish
2,30,Buffet
-1,-1,Buildup
2,36,Bulge
1,4,Bullfight
2,48,Buoyant
2,70,Burdensome
2,48,Buttress
3,161,Bypass
-1,-1,Byproduct
2,17,Byword
2,15,Cadaver
2,13,Canary
3,83,Cane
2,54,Capricious
2,17,Carnivorous
3,98,Cascade
3,240,casually
2,15,cataclysm
2,19,catalyze
3,155,catastrophe
3,98,categorization
2,29,cathode
2,19,cavern
2,43,ceaseless
2,53,celebratory
2,22,Celsius
2,10,centimeter
3,211,centrality
2,22,centralize
3,63,ceramic
2,6,ceremonious
2,30,challenger
2,21,chameleon
-1,-1,channeling
3,287,chaos
2,17,charade
1,0,chemosynthetic
-1,-1,childbearing
2,48,childless
2,61,circa
2,78,citizenry
3,127,clan
4,389,clarity
2,53,clergyman
4,1393,clinically
2,56,clockwise
2,18,cloistered
2,42,clot
2,61,coalesce
3,298,coalition
3,79,coastline
2,69,codification
3,182,coercive
3,114,coexistence
-1,-1,cogenetic
2,51,Coinage
3,224,Coincide
3,218,Coincidence
4,748,Coldness
3,136,Collaborate
4,1057,Collectively
2,30,Collude
2,8,Colt
3,115,Commence
2,56,Commend
1,6,Commendatory
1,13,Commercialization
2,70,Commune
3,211,Compact
1,2,Comparatist
1,9,Compartmentalize
2,18,Compatriot
3,120,Compensatory
4,772,Competitively
2,75,Complementarity
5,1531,Completeness
4,793,Comprehensiveness
3,158,Concerted
3,152,Concession
4,747,Concretely
2,12,Condenser
2,31,Condescension
2,16,Conditioner
2,42,Condone
3,84,Conduction
3,163,Confession
4,412,Confidently
4,458,Confirmable
2,41,Congregate
2,76,Congruence
2,13,Congruity
3,117,Conjecture
3,94,Connotation
2,30,Connote
3,102,Consequential
4,595,Conservatively
2,77,Contemporaneous
3,222,Contentious
3,390,Contingent
3,308,continuum
3,84,contour
3,146,contractor
2,78,conundrum
2,36,convection
4,382,conveniently
3,69,convent
2,13,conventionality
2,6,conversationalist
2,28,converter
2,49,convertible
4,421,copyright
1,5,corded
4,965,corporate
3,159,corrective
4,1096,correctness
3,155,cosmopolitan
3,344,costliness
3,102,countenance
-1,-1,counterargument
2,15,counterclockwise
3,105,counterproductive
1,3,counterproposal
3,220,countless
2,38,couplet
2,54,courtly
2,41,crab
2,11,crankiness
2,17,crate
4,777,creatively
3,161,creator
3,245,credible
2,28,credulity
2,26,credulous
3,94,crest
4,966,criminally
1,4,crosscut
-1,-1,crub
2,15,crutch
2,11,crystallography
3,126,culmination
3,300,cumulative
4,322,curiously
3,83,Cursorily
2,29,Curtailment
3,295,Customary
3,82,Cyclic
1,9,Deactivation
3,102,Debatable
1,5,Debilitate
3,124,Debris
3,240,Decently
1,6,Declaim
2,38,Decode
2,88,Deem
2,12,Defeatism
3,239,Defendant
3,124,Deference
3,126,Defiance
3,76,defiant
4,1418,Definitional
3,67,Deflect
1,1,Defoliate
1,3,Deglaciation
4,289,Delicately
3,106,Delightful
3,94,delusion
3,103,demarcation
2,26,Democrat
2,56,demography
3,76,demonstrable
2,36,denigrate
2,41,dent
2,46,deplorable
3,134,deposition
-1,-1,deradicalized
2,15,deride
2,16,derisive
3,219,Derivative
2,14,Descendent
3,273,Descent
3,361,Descriptive
2,20,Deservedly
2,25,Despondent
3,231,Destiny
3,186,Detachment
3,183,Determinant
3,109,Determinate
3,124,Determinism
3,109,Deterrent
1,5,Dethrone
3,151,Detriment
3,222,Detrimental
3,103,Deviate
3,88,Didactic
1,2,Diffract
4,363,Dignity
2,35,Digression
4,732,Dimensionless
3,242,Diminishment
3,85,Diminution
5,1910,Directness
3,215,Disadvantaged
2,55,Disaffected
3,48,Disagreeable
2,35,Disarm
2,16,Disassociate
2,25,Disavow
2,18,Disbelieve
3,81,Disciple
2,34,Disclaimer
1,3,Disconcert
1,10,Disconfirm
2,15,Discordance
2,29,Discouragement
2,19,Discrepant
3,77,diseased
2,39,disenchanted
2,54,dishonesty
2,26,disillusion
2,39,disinterest
3,136,dislocation
2,69,dismantle
3,113,disordered
2,55,disorderliness
3,117,displace
3,316,displacement
1,4,disputant
1,5,disputatious
2,9,disquisition
2,35,disreputable
3,302,disruption
3,196,disruptive
3,103,dissemination
2,25,disservice
2,53,dissuade
2,46,distillation
3,184,distrust
3,195,divergence
2,69,diversify
3,146,diversion
2,21,doctrinaire
3,90,dome
2,32,domineering
3,78,doom
3,91,dosage
2,14,doughnut
2,58,downplay
2,10,drawbridge
3,50,dreary
2,36,dryness
3,125,dualism
3,91,duality
2,18,dupe
3,102,duplication
2,25,Dweller
2,17,Dwindle
2,21,Dynamite
2,13,Dynamo
3,135,Earthly
2,27,Eclecticism
2,17,Eddy
2,70,Edible
2,32,Edification
4,460,Efficacy
4,255,Ego
2,40,Egocentricity
4,444,Elaborateness
2,21,Elapse
3,313,Electoral
3,110,Electorate
1,4,Electrify
3,72,Electromagnetic
3,221,Elegant
-1,-1,Elementarity
2,55,Elliptical
2,20,Emancipator
2,73,Embed
2,85,Emblematic
2,40,Emigrate
2,13,Emotionalism
2,28,Emotionality
3,91,Emotive
3,240,Empowerment
3,181,Enactment
1,1,Encrust
2,12,Endocrinologist
3,186,Endorse
3,183,Endorsement
2,49,Endow
3,117,Endurance
2,19,Enfranchisement
3,121,Engender
3,78,Enlist
4,576,Enormously
2,37,Enrollment
2,24,Enslave
3,282,Entail
1,4,Entomologist
2,35,entrant
2,18,epitomize
1,3,equalitarianism
3,189,equitable
3,114,eradicate
3,114,eradication
3,93,erratic
3,93,erratically
2,36,erudition
2,48,erupt
2,68,escalate
2,62,eschew
2,62,espouse
1,0,estovers
3,103,ethnographer
2,15,ethological
2,15,ethology
3,241,ethos
2,26,euphoric
3,118,evaluative
3,153,evangelical
3,81,evasion
3,266,evidently
2,64,evocation
1,4,ewer
3,127,exacerbate
-1,-1,exchangeablility
3,80,excretion
2,71,exegesis
3,202,exemplary
3,160,exempt
3,81,exertion
3,217,exhaustively
2,29,exhilaration
2,40,expansionist
3,104,expedient
2,58,expend
2,49,explicate
2,11,expressionism
2,11,expressionistic
3,228,expressive
3,185,expressly
2,12,expunge
1,4,extemporaneous
2,8,Extortionate
3,240,Extraction
4,475,Extraordinarily
2,51,Extrapolate
2,51,Extrapolation
2,14,Extraterrestrial
2,18,Exude
2,51,Eyewitness
2,53,Fable
2,13,Facetious
2,50,Facile
3,108,Faction
1,7,Factious
2,40,Fad
2,38,Fallacious
2,32,Falsification
2,67,Famed
2,34,Familiarize
2,50,Fanatical
2,28,Farreaching
3,95,Fascism
3,70,Fatally
3,59,Fateful
3,138,Faultily
-1,-1,Feelingly
3,134,Femininity
2,58,Fend
3,288,Fertility
3,67,Fervent
-1,-1,Fervor
3,119,Fieldwork
3,358,Finite
2,17,Firearm
2,8,Fixer
2,40,Flair
2,18,Flaunt
3,132,Flee
4,547,Flexibly
2,29,Fluffy
2,47,Fluorescence
3,63,Fluorescent
2,61,Flurry
3,269,Focal
2,27,Foolhardy
3,134,Forcefully
2,47,Forcibly
3,230,Fore
3,140,Foreground
3,75,Forerunner
2,18,Foreshadow
2,19,Foretell
2,54,Formalist
3,97,Formality
2,42,Formalize
2,61,Formulaic
3,108,Fortress
2,58,Fortuitous
4,687,Foundational
3,196,Fracture
3,103,Fragmentary
3,89,Freshly
2,22,Frigid
3,68,Frivolous
3,75,Fruitlessly
2,65,Frustrate
2,51,Fugitive
4,844,Functionally
3,98,Fuse
3,74,Futility
3,81,Gait
4,1416,Genderless
3,109,Generality
3,423,Generic
3,151,Genesis
2,14,geneticist
2,15,gentility
3,84,gentry
-1,-1,geohydrologic
-1,-1,geohydrologist
2,22,germinate
1,5,geyser
3,136,gifted
1,6,glaciated
2,37,glorification
2,16,gluttony
2,16,governorship
3,100,graft
2,25,grandchild
3,196,graphic
2,17,gravestone
3,94,groundwork
2,17,growl
2,30,grudge
3,160,guise
2,15,gull
4,368,habit
3,124,hallmark
2,19,hamster
2,27,handmade
1,-1,handwrought
2,16,happenstance
2,39,harbinger
3,313,harshly
4,312,haven
3,215,hegemony
2,79,hem
3,65,herald
1,3,herculean
2,48,heretofore
3,76,heroism
1,4,hibernation
3,355,hierarchical
2,40,hind
3,88,hindrance
3,105,Historiographical
2,34,Hoard
3,227,Holistic
3,94,Homage
2,53,Homeostatic
1,11,Homeowner
3,128,Honestly
3,137,Hopelessly
3,59,Housework
2,24,Humanitarianism
3,130,Humankind
2,34,Humiliate
3,314,Hybrid
2,32,Hydroelectric
3,92,Hypocrisy
2,52,Hypocritical
2,66,Idealist
2,55,Idealization
2,18,Idiosyncrasy
3,164,Idiosyncratic
4,354,Ignorance
3,89,Illiterate
3,112,Illusory
3,169,Illustrative
3,251,Imaginatively
3,207,Imbalance
3,241,Imitation
3,92,Immanent
3,123,Immaturity
2,32,Immeasurable
2,63,Immobile
3,135,Immoral
3,89,Immutable
1,3,Impale
2,24,Impel
2,46,Imperfection
3,224,Imperfectly
3,218,Imperialism
3,98,Imperialist
3,149,Impersonal
3,121,Implantation
2,19,Implosion
3,115,Impractical
2,25,Impressionable
3,78,impulsive
2,61,impure
2,81,inaction
2,14,inactivated
2,56,inadvertently
2,32,inapplicable
3,89,inasmuch
2,28,inattentive
2,26,inauguration
3,176,inception
3,81,incipient
3,111,incoherent
2,39,incomparable
3,95,incompatibility
3,113,incomprehensible
3,104,inconceivable
2,39,incongruity
3,342,inconsistently
2,30,inconspicuous
2,40,incontrovertible
3,82,inconveniently
4,440,incorporation
3,162,incredibly
2,31,incredulity
2,25,incredulous
1,0,incurrent
2,33,indefensible
2,16,indict
2,13,individualize
4,385,individually
2,17,indubitable
3,299,induction
3,97,indulgence
2,38,ineffable
3,268,ineffectiveness
3,70,ineffectual
2,10,inelegant
-1,-1,inescapability
2,63,infallible
2,29,infatuation
3,181,infectious
2,45,infertile
2,9,infest
3,226,inflammatory
3,322,Inflation
3,98,Inflexible
3,145,Influx
3,211,Informativeness
3,109,Infrequency
3,157,Infusion
3,116,Ingenuity
3,178,Ingredient
2,25,Inhere
2,16,Inheritor
2,12,Iniquitous
2,45,Innovator
2,38,Inoculation
1,6,Inroad
2,62,Insatiable
3,95,Insistent
3,83,Insufficiency
2,36,Insurgent
1,8,Integumental
4,1058,Intellectually
4,331,Intelligently
3,113,Intensification
3,258,Intentionally
3,303,Interactive
2,17,Interlocking
1,6,Intermarry
2,16,Intermingle
3,168,Intermittent
3,168,Intermittently
1,1,Interplant
1,-1,Interpluvial
2,10,Interpose
3,172,Interpretive
3,101,Intersect
1,7,Interspecies
-1,-1,Interstratify
2,21,Intertwine
3,110,Interviewer
2,15,Interweave
3,98,Intestinal
4,398,Intimately
3,126,Intolerance
3,129,Intractable
1,2,Intraspecies
2,30,Intrepid
4,457,Intrinsically
2,25,Invader
3,262,Invaluable
2,14,Investigatory
2,42,Invincible
1,3,Ionize
2,63,Irrationality
2,50,Irregularity
2,13,irremediable
2,22,irresolvable
2,31,irreverent
3,163,irreversible
3,119,irritation
2,17,isometric
1,3,itemize
2,45,itinerary
3,124,jargon
-1,-1,jersey
3,275,jointly
2,30,jolt
2,46,joyous
3,221,Judaism
2,37,Judgmental
2,37,Jurist
2,25,Kaleidoscope
2,16,Kink
4,719,Knowingness
3,179,Knowledgeable
3,124,lament
2,40,landfill
-1,-1,landholding
3,170,landmark
2,15,landmass
2,14,lark
2,15,latecomer
4,385,lateral
3,146,leaning
2,18,legalization
2,18,legalize
2,51,leniently
3,149,lethal
-1,-1,levelheaded
-1,-1,licid
2,14,lifeboat
3,189,lifelong
3,87,ligament
1,6,likable
3,81,limitless
3,71,linger
4,531,linguistically
3,202,litigation
3,135,livelihood
1,9,lode
2,28,low-frequency
3,56,ludicrous
2,7,luminary
3,57,luminous
2,19,lumpily
2,41,lunatic
3,111,lust
2,13,lyricism
2,23,macroeconomic
2,25,magnate
2,11,magpie
3,55,majestic
3,66,majesty
2,44,malfunction
2,70,Malleability
2,59,maneuver
3,125,Manifold
1,1,Manumit
4,407,Manuscript
2,38,Marginalization
3,132,Maritime
2,37,Masterful
2,29,Masterly
3,386,Maternally
2,31,Maverick
3,133,Maximal
3,214,Measurably
2,11,Meaty
3,174,Meditation
2,43,Meditative
4,677,Membership
4,384,Membrane
5,1634,Mentally
3,153,Mentor
-1,-1,
1,2,Mesmerize
2,10,Metalworker
4,436,Metaphoric
2,17,Mete
2,20,Meteorologist
2,78,Metrics
3,107,Microscopic
2,17,Microstructure
3,63,Microwave
2,31,Middling
2,68,Midline
1,1,Midseason
3,68,Midway
3,74,Midwife
3,109,Mildly
2,84,Milestone
2,13,Militarist
3,189,Millennium
2,24,Miniscule
2,30,Mirage
1,3,Miscalculate
3,160,Miserably
3,187,Misery
2,7,Misgiving
1,3,Misidentify
2,28,misinterpret
2,43,misnomer
2,40,misread
5,3682,modeling
3,118,modulation
3,92,momentous
3,120,monarchic
3,165,monarchy
3,97,monastic
3,415,monetary
3,136,monumental
5,2176,morally
3,51,motionless
2,16,motorist
4,1051,movingly
2,18,multicellular
1,1,multipartite
1,4,multipath
2,22,multiplicative
2,61,murky
1,10,musicological
2,17,mutate
3,217,myriad
3,251,mysteriously
3,67,mystic
3,88,narration
1,5,narrowband
3,233,narrowly
3,280,nationalist
2,72,naturalist
3,118,naturalistic
2,31,navel
3,68,needlessly
3,88,negate
2,64,Neolithic
1,12,neuroanatomical
1,5,neurochemistry
-1,-1,neurotransmission
3,70,newsletter
3,127,nightmare
1,1,nightside
3,82,nomadic
1,6,nondominant
1,5,nonlethal
1,1,Nonpoisonous
2,10,Nonpolitical
1,4,Nonspecialist
2,15,Nonstandard
2,11,Nonuniform
3,121,Nostalgia
3,86,Nostalgic
3,185,Notation
3,222,Noticeably
3,215,Notorious
2,21,Novella
2,25,Numeral
3,221,Obedience
2,25,Observatory
3,200,Obstruction
3,80,Oddly
2,23,Oldfashioned
2,62,Omnipresent
4,478,Onset
3,127,Onward
2,53,Opacity
2,14,Operable
3,118,Opportunistic
2,20,Ordain
3,185,Orderliness
3,52,Ornate
3,161,Orthodoxy
2,39,Ostentatious
2,30,Otherworldly
2,24,Outdo
-1,-1,
2,33,Outermost
2,47,Outgrowth
2,55,Outlying
2,57,Outmoded
1,7,Outpace
2,48,Outpouring
3,138,Outrage
3,89,Outrageous
3,77,Outspoken
2,27,Overemphasis
1,2,Overexpansion
1,5,Overextension
2,36,Overgrown
2,7,Overheat
1,6,Overindulgence
1,7,Overlie
3,113,Overload
2,44,Overpowering
1,4,Overrate
1,9,Overreact
2,21,Oversimplification
-1,-1,Oversynthesis
3,250,Overt
2,20,Overwork
3,118,Pagan
2,33,Paganism
2,28,Pageant
2,66,Palatability
1,11,Paleontology
1,0,Palmlike
2,52,Pancreatic
4,316,Par
3,63,Parable
3,234,Paramount
2,76,Parasite
2,79,Particularity
1,4,Pasteboard
3,120,Patriotic
3,160,Patron
2,71,payroll
3,92,peacefully
4,335,peculiarly
2,32,pedantic
3,75,pedestrian
2,65,penultimate
4,465,perceiver
2,27,perforce
1,19,permafrost
3,97,permanence
2,75,permeate
2,24,perpetrate
3,140,perpetuation
2,19,personalize
4,407,personally
2,52,pervade
3,159,petition
1,2,petrological
2,47,philosophic
2,15,photochemical
1,-1,photoelectronic
2,9,photosensitive
2,13,physic
2,39,pianist
3,74,pigment
3,88,pinpoint
2,35,piston
1,2,plagiarize
3,144,plainly
3,78,plaintiff
2,15,planktonic
3,100,platonic
3,402,plausibility
3,79,pleading
2,59,plunder
2,85,pluralist
1,2,pluvial
3,94,poignant
2,55,politico
3,70,ponder
3,87,Pope
3,123,Populist
3,102,Porous
2,68,Positional
2,20,Postindustrial
2,19,Poststructuralism
2,19,Poststructuralist
3,225,Posture
3,123,Potassium
5,3277,Practice
3,185,Precedence
3,246,Precedent
2,8,Precession
3,103,Precipitately
2,42,Precipitously
3,126,Precondition
3,108,Predatory
3,117,Predicate
3,147,Predictor
3,97,Predisposition
-1,-1,Preeminent
2,19,Preoccupy
3,105,Prerogative
3,255,Prestige
3,100,Pretext
2,16,Primitivism
3,304,Principally
3,96,Printer
4,651,Priority
3,356,Privacy
1,2,Probabilism
3,255,Procedural
2,65,Profess
3,168,Profitability
2,24,Profusely
3,191,Prognosis
4,555,Progressively
2,65,Prohibitive
3,126,Prophetic
4,491,Propositional
2,12,Propound
2,87,Prosecutable
1,16,Proselytism
3,95,Prosper
3,86,protector
3,170,prudent
1,3,psychohistorical
-1,-1,psychoneural
1,4,pulsate
2,22,punctuate
1,5,pupa
4,664,purchaser
2,23,puritanical
2,65,purposely
2,28,puzzlement
3,116,pyramid
1,2,quadrille
1,2,quadrillion
2,26,quadruple
2,59,quaker
4,462,quantitative
3,346,quasi
2,16,radiative
4,624,randomness
2,12,ranger
3,87,rarity
3,392,rationality
2,10,ravage
3,111,reactionary
3,245,reactive
3,208,readiness
2,18,readjust
2,51,reassess
3,125,reassure
2,21,rebate
3,97,rebellious
3,124,rebuild
2,32,rebut
2,87,recast
2,47,recede
3,193,receptivity
2,13,reclassification
3,173,recognizable
2,15,reconcilable
1,-1,recondense
3,131,reconsider
3,238,recourse
2,44,recoverable
3,190,Recruitable
3,311,Recruitment
3,166,Recurrence
3,67,Redesign
2,48,Rediscover
3,206,Redundant
-1,-1,Reenact
1,0,Reestablish
-1,-1,Reevaluation
-1,-1,Reexploration
2,33,Reformulate
2,29,Refraction
3,68,Refractory
1,2,Refreezing
2,62,Refutation
3,109,Regimen
3,71,Regiment
2,12,Regimentation
2,58,Regrettable
3,389,Regulative
3,204,Reinforcement
2,41,Reinterpretation
2,36,Relativistic
3,147,Relentless
3,93,Relinquish
2,79,Relocate
2,47,Remake
3,223,Reminiscent
3,136,Remit
3,100,Remotely
1,2,Renascence
3,129,Reorganization
1,7,Repercussion
2,20,Repetitious
3,202,Repetitive
2,18,Replaceable
4,498,Replacement
2,24,Replicable
2,48,Repose
2,63,Repress
3,228,Repression
2,6,Reproachful
2,47,Repudiation
3,197,Requisite
2,33,Reread
2,14,Resettle
2,78,Reshape
3,308,Residual
3,90,Respectability
3,150,Respectfully
3,292,Responsiveness
3,194,Resultant
3,287,Retail
3,81,Retardation
2,54,Reticent
3,318,Retirement
3,139,Retrospect
2,30,Reunite
3,126,Reverence
2,36,Revitalize
1,4,Revivify
2,25,Revolutionize
3,95,Revolve
3,88,Rewrite
3,116,Righteous
2,51,Rip
2,32,Royalist
4,408,Ruling
3,73,Salutary
3,75,Salvage
3,256,Salvation
3,185,Sanction
3,103,sanitation
1,6,satiate
2,24,savior
3,126,scant
3,117,schematic
3,117,schematically
2,18,scientism
3,96,scrap
2,52,scribe
3,246,script
2,72,scriptural
2,55,scrupulously
2,53,scrutinize
3,97,seamless
3,53,seaside
3,152,secrecy
2,32,secretarial
4,802,securely
2,33,sedimentary
3,232,seminal
2,65,seniority
4,366,sensibly
2,14,sensitize
3,116,sensor
2,35,sentimentality
3,207,serially
3,119,sermon
3,74,shadowy
3,74,shaky
3,267,shallowness
2,29,shamelessly
2,23,shawl
3,97,shiny
2,33,shipwreck
2,10,shockwave
2,39,shoreline
3,79,shorten
3,205,short-term
3,52,shrinkage
2,47,Shun
3,167,Siege
2,27,Sighting
3,150,Signaling
3,208,Signify
3,73,Silicon
1,1,Simpleminded
1,1,Simplemindedness
3,118,Simplification
3,214,Simplistic
3,120,Sincerity
3,66,Singly
1,0,Sinistrality
3,138,Situ
2,94,Situate
2,57,Sizable
3,137,Slaughter
2,23,Slay
2,40,Sloppy
2,32,Slowdown
2,11,Snort
2,44,Solidify
2,40,Solubility
2,37,Solute
2,13,Sonar
2,53,Sorely
1,4,Sorority
2,21,Soulless
5,1155,Soundness
1,4,Southerner
3,248,Specification
-1,-1,Specter
1,1,Spherule
3,209,Spine
3,77,Spokesman
2,54,Spokesperson
2,16,Spoof
3,91,Spotlight
3,150,Spouse
2,16,Stabilizer
3,50,Stainless
2,76,Stalk
3,85,Stall
2,45,Stamina
3,116,staple
2,30,statistician
3,137,stature
3,361,statutory
3,148,sterile
3,148,sterility
2,9,sterilize
2,23,stilted
2,53,stimulant
2,70,stipulate
2,15,stoppage
4,499,straightforwardly
4,996,strategically
2,33,strategist
1,1,stratocumulus
3,77,stratum
3,119,strife
2,64,structuralist
4,913,structurally
2,22,strut
3,100,stubborn
3,100,stubbornness
3,167,studio
3,73,subconscious
3,118,sublime
1,3,submicroscopic
3,64,submissive
2,41,subservience
3,116,subsidy
3,83,substantiation
2,49,subterranean
2,49,subtraction
3,87,subversion
1,3,subzero
3,196,suffice
1,8,suffuse
3,218,suggestive
4,470,suicide
4,790,suitability
3,145,suitably
1,1,sunward
3,117,superb
3,111,superfluous
1,1,supergiant
2,40,Superintendent
3,111,Supervise
3,99,Supposition
3,167,Supremacy
2,56,Surmise
2,74,Surpass
3,305,Surplus
2,13,Surrealism
2,6,Surrealistic
2,45,Suspense
2,30,Swirl
3,105,Symmetric
3,188,Symptomatic
1,1,Syncopate
1,7,Syncopation
2,24,Systematizer
3,408,Systemic
2,11,Tabulation
3,199,Tacit
3,256,Tackle
-1,-1,Tadpolelike
3,146,Talented
3,112,Taxonomic
3,88,Tease
3,110,Tediously
2,52,Teller
2,40,Temperance
3,101,Temperate
2,19,Tempestuous
3,87,Tempo
4,595,Temporal
3,76,Tendon
2,23,Tenement
3,116,Tenuous
2,57,Terminus
5,1904,Testable
3,143,Testify
3,350,Testimony
2,33,Thaw
3,167,Theatricality
3,154,Thematically
3,76,Thence
2,11,Thenceforth
3,302,Thereafter
2,44,Thermodynamics
2,19,Thermostat
2,19,Thermostatically
2,20,Thriller
1,3,Thusly
2,67,Thwart
3,68,Tighten
2,9,Timekeeping
-1,-1,Time-lapse
3,109,Timeless
-1,-1,Timeout
3,89,Tolerable
2,33,Topple
3,63,Tory
3,175,Totality
2,6,Tradespeople
1,3,Trailblazer
3,243,Trait
3,268,Trajectory
3,53,Tranquil
2,27,Transcribe
3,165,Transcription
3,82,Transferable
2,7,Transgressor
3,97,Transitory
3,349,Translatable
2,21,Transmutation
2,13,Transmute
2,14,Transpiration
2,32,transpose
2,8,trashiness
3,74,treacherously
3,64,trio
2,84,tripartite
2,22,triphosphate
2,18,truancy
3,111,trustworthy
3,63,twilight
2,20,typographical
2,17,unacquainted
1,3,unaligned
2,77,unanticipated
1,8,unattributable
3,197,unavoidable
2,77,unbiased
2,9,uncensored
3,93,unchallenged
2,39,uncharted
3,68,uncomplicated
3,85,uncompromisingly
3,104,uncontrollable
2,29,undamaged
2,45,undecided
-1,-1,underappreciated
-1,-1,underappreciation
1,1,underemphasize
3,161,underestimation
3,185,underpinning
2,6,underrate
2,96,underscore
2,10,undersea
2,8,undersized
2,16,undertone
1,5,underutilization
-1,-1,underway
2,29,undeserved
2,54,undetected
2,12,undistorted
3,140,Undue
3,172,Uneasiness
4,428,Unemployment
3,259,Unequal
3,212,Uneven
3,212,unevenness
2,8,Unexciting
4,442,Unexpectedly
3,104,Unexplainable
2,34,Unfathomable
2,77,Unfettered
3,92,Unfit
2,22,Unfocused
3,139,Unfold
3,110,Unforeseen
2,23,Unhappily
3,131,Unhealthy
1,6,Unheroic
3,73,Unidentified
2,10,Unimportance
2,49,Uninformed
3,64,Unintelligible
3,93,Uninterrupted
3,162,Unitary
2,13,Universalizing
2,33,Unmatched
1,1,Unmethodical
3,90,Unmistakable
2,37,Unobserved
1,8,Unoriginal
3,81,Unparalleled
1,12,Unpersuasive
3,135,Unpopular
2,24,Unprofessional
2,32,Unquestioning
3,70,Unreal
3,198,Unreasonable
1,3,Unregarded
2,54,Unremarkable
3,158,Unrest
2,14,Unsanitary
2,39,Unsatisfied
2,33,Unscientific
2,11,Unseat
2,14,Unshakable
2,44,unsolved
3,93,unspoken
3,149,unsure
1,1,unsystematized
2,18,untangle
3,101,untenable
1,8,untestable
2,43,untested
3,113,unthinkable
2,52,untold
3,129,untouched
2,41,untrustworthy
2,29,unusable
3,91,unused
2,42,unwitting
3,93,unworthy
3,156,uphold
3,65,uppermost
3,232,urine
2,33,usurp
3,77,utopia
2,20,vacate
1,6,vaccinate
2,32,vacuous
4,361,vagueness
4,629,validly
3,126,vantage
3,388,variance
3,202,variously
3,56,vegetarian
2,16,venerate
2,75,veracity
2,13,verbose
3,112,verge
1,7,verifiability
2,24,verisimilitude
3,134,vernacular
2,61,versed
2,33,vestige
3,393,viability
1,1,vibrance
3,85,vie
-1,-1,vigor
3,272,vigorously
3,61,vile
2,45,vindicate
3,214,Visibility
4,801,Visibly
2,12,Vivacious
3,239,Vividly
1,7,Vocalize
3,73,Vogue
2,30,Walnut
3,233,Ward
2,36,Warranty
2,30,Warship
-1,-1,Watercolor
2,21,Waver
3,121,Weakly
2,12,Wearisome
2,12,Weasel
-1,-1,Well-intentioned
2,23,Wetter
2,9,Wheeler
3,71,Whereupon
3,115,Wildly
4,776,Willingly
2,14,Woefully
2,12,Wordy
3,103,Workable
3,145,Worldly
3,95,Wretched
2,21,Wrinkle
2,74,Wrongdoing
-1,-1,Wrongheaded
3,83,Yearning
2,33,Yellowish
