4,348,abandon
1,0,abash
2,32,abate
2,13,abbreviate
2,25,abdicate
2,71,aberrant
2,61,aberration
1,9,abet
2,23,abeyance
2,21,abhor
2,36,abhorrent
3,133,abide
2,74,abject
2,11,abjure
1,7,ablution
1,1,abnegate
3,113,abolish
3,178,abolition
1,1,abominate
-1,-1,aboveboard
1,2,abrade
2,26,abrasion
2,33,abrasive
3,57,abreast
1,8,abridge
2,19,abrogate
1,4,abscission
1,7,abscond
2,51,absenteeism
4,860,absolute
2,35,absolve
3,250,absorb
2,69,abstain
1,6,abstemious
2,27,abstention
2,27,abstentious
4,638,abstract
2,27,abstruse
3,209,absurd
3,272,abundance
3,262,abundant
4,872,abuse
3,146,abusive
2,11,abut
2,19,abysmal
4,965,academic
1,7,academician
2,42,accede
3,151,accelerate
2,61,accentuate
5,2080,access
4,562,accessible
3,73,accessory
3,65,acclaim
-1,-1,acclimate
2,17,accolade
4,430,accommodate
3,142,accommodating
3,298,accompany
2,34,accomplice
3,284,accomplish
4,417,accomplished
3,287,accord
1,3,accost
3,254,accountability
1,3,accrete
2,36,accretion
3,109,accrue
3,191,accumulate
4,514,accuracy
4,737,accurate
3,100,accuse
2,18,acerbic
4,575,acknowledge
2,12,acme
2,8,acolyte
2,16,acorn
3,98,acoustic
2,23,acquaint
3,159,acquaintance
3,155,acquainted
2,41,acquiesce
4,759,acquired
2,26,acquisitive
2,18,acquit
2,30,acquittal
2,12,acrid
2,34,acrimonious
2,17,acrimony
2,7,acrobat
1,1,acrophobia
2,63,acuity
2,55,acumen
4,783,acute
2,53,adage
3,84,adamant
4,437,adapt
3,98,adaptable
2,21,addendum
2,35,addict
5,2072,addition
3,112,additive
4,1278,address
3,127,adept
4,798,adequate
3,233,adhere
2,44,adherent
3,61,adhesive
4,361,adjacent
2,10,adjourn
3,98,adjunct
3,350,adjust
3,135,admire
4,343,admission
2,19,admonish
2,19,adobe
3,259,adolescent
4,669,adopt
2,27,adore
2,42,adorn
2,16,adroit
1,0,adulate
1,4,adulterate
1,5,adumbrate
3,287,advent
2,15,adventitious
4,451,adverse
3,95,advertise
3,153,advisable
3,268,advocacy
3,359,advocate
2,59,aegis
1,4,aerate
3,107,aerial
2,10,aesthete
4,444,aesthetic
2,18,affable
2,18,affectation
4,1174,affected
3,249,affection
2,19,affidavit
2,52,affiliate
3,179,affiliation
3,223,affinity
3,166,affirm
2,13,affix
2,31,afflict
2,46,affliction
3,71,affluence
3,151,affluent
3,150,affordable
2,55,affront
4,703,agenda
1,7,agglomerate
1,4,aggrandize
2,48,aggravate
3,341,aggregate
4,381,aggression
4,513,aggressive
2,53,aggressor
1,0,aggrieve
2,59,agile
2,59,agility
2,19,agitate
3,99,agitated
2,45,agnostic
1,4,agog
3,100,agony
3,102,agrarian
3,104,agreeable
1,7,agronomy
2,21,ail
3,57,airborne
2,20,airtight
2,13,alabaster
2,22,alacrity
4,502,albeit
2,46,alchemy
2,12,alcove
3,286,alert
2,42,alias
2,26,alibi
2,70,alienate
3,161,align
2,14,alimentary
2,29,alkali
2,45,allay
2,30,allege
3,209,allegiance
3,83,allegory
3,79,allergic
2,54,allergy
3,192,alleviate
3,158,allocate
3,182,allowance
2,63,allude
2,47,alluring
3,120,allusion
2,41,aloft
3,63,aloof
2,49,alphabetical
4,506,alter
3,240,alternate
3,84,altruism
3,82,altruistic
3,98,aluminium
2,62,amalgam
2,18,amalgamate
2,31,amass
3,146,amateur
2,15,amateurish
1,4,ambidextrous
3,385,ambiguous
3,188,ambivalence
3,195,ambivalent
2,6,amble
2,42,ambush
2,82,ameliorate
3,172,amenable
3,96,amend
3,166,amendment
2,30,amenity
2,40,amiable
2,35,amicable
2,16,amity
2,88,amnesia
2,52,amnesty
3,82,amorphous
1,3,amortize
2,15,amphibian
3,245,ample
3,80,amplify
3,126,amplitude
2,13,amulet
2,43,amuse
2,76,anachronistic
2,76,anaerobic
2,8,anagram
3,98,analgesia
2,55,analgesic
3,310,analogous
4,385,analogy
3,234,analyze
2,48,anarchist
3,105,anarchy
2,62,anathema
3,138,anatomical
3,122,ancestor
3,113,ancestry
3,177,anchor
3,89,ancillary
3,96,anecdote
2,68,anemia
2,73,anesthetic
3,110,anguish
3,108,angular
2,7,anhydrous
3,81,animate
3,156,animated
3,98,animation
2,66,animosity
2,34,animus
2,42,annals
2,51,annexation
2,35,annihilate
2,13,annotate
3,147,announce
2,35,annoy
2,21,annul
3,104,anomalous
3,127,anomaly
3,118,anonymity
3,304,anonymous
3,91,anorexia
3,130,antagonism
2,21,antagonize
2,82,Antarctic
1,2,antecedence
3,105,antecedent
1,7,antediluvian
3,38,antenna
3,346,anterior
2,46,anthem
3,74,anthology
3,106,anthropologist
3,113,antibiotic
3,118,antibody
1,4,antic
3,280,anticipate
2,69,anticipatory
2,8,anticlimax
3,95,antidote
2,10,antihistamine
3,76,antipathy
2,50,antiquated
3,84,antique
3,168,antiquity
2,28,antiseptic
3,110,antithesis
2,17,anvil
2,63,aorta
3,121,apex
2,29,aphorism
1,1,apiary
2,9,aplomb
3,92,apocalyptic
2,15,apocrypha
2,37,apocryphal
2,31,apogee
2,61,apologize
1,7,apoplectic
2,27,apostasy
2,17,apostate
2,19,apostrophe
2,14,apothecary
1,1,appall
4,336,apparatus
2,58,apparel
2,34,apparition
4,810,appeal
2,63,appease
2,39,appellation
3,217,appetite
1,4,appetizer
2,6,appetizing
2,38,applaud
3,74,applause
4,499,applicable
3,145,applicant
5,1445,application
3,152,appoint
2,40,apposite
2,53,appraise
3,65,appreciable
4,485,appreciate
2,70,apprehend
3,52,apprehensive
3,66,apprentice
1,5,apprise
5,3621,approach
2,48,approbation
5,2038,appropriate
3,260,approximate
3,42,apron
2,16,apropos
3,210,apt
3,74,aptitude
3,95,aquatic
2,23,aqueduct
2,37,aquifer
1,4,arabesque
3,54,arable
2,68,arbiter
4,429,arbitrary
2,28,arbitrate
2,11,arboreal
1,3,arboretum
2,50,arcane
3,195,arch
3,138,archaeology
2,73,archetype
2,46,archipelago
3,204,architect
3,176,archive
2,39,arctic
3,97,ardent
3,355,arena
2,7,argot
2,18,aria
3,105,arid
3,133,aristocracy
2,11,armada
2,34,armistice
1,7,armory
2,45,aroma
3,71,aromatic
3,103,arouse
4,480,array
3,328,arrest
3,72,arresting
1,7,arrhythmic
3,115,arrogance
3,108,arrogant
1,8,arrogate
1,2,arroyo
2,72,arsenal
2,38,arson
3,358,artery
3,122,arthritis
3,329,articulate
2,82,artifact
3,81,artifacts
2,53,artifice
4,423,artificial
2,38,artistry
2,11,artless
3,99,ascendancy
3,62,ascetic
3,117,ascribe
2,20,aseptic
2,20,asparagus
4,1091,aspect
2,6,aspen
2,7,asperity
1,3,aspersion
1,1,asphyxiate
2,17,aspirant
3,224,aspiration
3,148,aspire
2,13,assail
4,323,assault
3,106,assay
3,145,assemble
3,112,assent
3,379,assert
3,123,assertive
3,123,assertiveness
4,737,assess
5,1678,assessment
3,454,asset
2,27,assiduous
3,118,assimilate
3,371,associate
3,56,assorted
2,42,assuage
4,970,assume
4,901,assumption
3,209,assure
4,335,assured
2,36,asterisk
2,10,asteroid
3,136,asthma
1,4,astound
3,75,astray
2,13,astringent
1,5,astrolabe
2,41,astrology
2,56,astronomical
3,98,astute
2,31,asunder
3,187,asylum
3,118,asymmetric
2,34,athletics
1,6,atonal
2,32,atrocious
2,38,atrocity
3,91,atrophy
3,239,attach
3,301,attain
3,222,attainment
2,32,attenuate
3,92,attest
2,46,attic
3,115,attorney
4,427,attribute
2,10,attune
3,97,auction
2,43,audacious
3,82,audible
4,873,audience
3,308,audit
2,48,auditorium
3,109,augment
2,15,augur
2,6,augury
2,24,august
3,135,auspices
2,45,auspicious
3,71,austere
3,57,austerity
3,323,authentic
3,226,authenticity
3,220,authoritarian
3,105,authorization
3,133,autobiography
2,31,autocracy
2,9,autocrat
4,430,autonomous
4,692,autonomy
3,115,auxiliary
5,2903,available
2,36,avalanche
2,8,avant-garde
2,34,avarice
2,14,avaricious
2,43,avenge
2,12,aver
3,104,averse
3,149,aversion
3,91,avert
2,6,aviary
2,57,avid
4,1313,avoid
2,10,avow
3,131,awe
1,1,awe-inspiring
3,205,awkward
2,4,awl
2,9,awning
2,43,awry
2,78,axiom
4,451,axis
2,21,axle
2,20,babble
3,197,backdrop
1,5,backhanded
1,0,backset
3,236,bacteria
2,37,bacterium
3,70,badge
2,12,badger
1,2,badinage
2,62,bail
2,49,bait
2,14,bale
2,16,baleful
2,18,balk
2,47,ballad
2,30,ballast
2,7,ballerina
3,125,balloon
3,81,ballot
2,23,balm
2,11,balmy
3,248,ban
3,72,banal
4,464,band
2,31,bandage
2,23,bane
2,45,banish
2,6,banister
3,98,bankrupt
3,65,banquet
2,29,banter
4,622,bar
2,8,barb
2,53,barbarous
2,20,barbecue
2,22,bard
4,323,bare
1,3,barefaced
3,165,bargain
2,38,barge
3,131,bark
3,60,barn
2,37,barometer
2,43,baroque
3,61,barrage
3,92,barren
2,15,barricade
4,437,barrier
2,47,barter
5,1372,base
2,15,bask
1,5,baste
3,111,batch
1,4,bathetic
2,30,baton
3,56,battalion
2,11,bauxite
2,23,bawdy
2,30,bazaar
2,46,beacon
4,278,beam
4,580,bearing
4,377,beat
1,1,bedeck
1,5,bedlam
1,1,befuddlement
2,7,begrudge
2,39,beholder
1,3,behoove
-1,-1,belabor
2,53,belated
1,0,beleaguer
2,29,belie
2,20,belittle
2,22,bellicose
2,14,belligerence
1,6,bellwether
3,143,bench
3,170,bend
2,16,benediction
2,42,benefactor
3,136,benevolent
3,263,benign
1,0,benison
3,246,bent
2,21,bequeath
2,31,bequest
2,12,berate
2,58,bereft
3,100,beset
2,14,besiege
1,2,besmirch
2,24,bestial
3,65,bestow
3,102,betray
1,1,betroth
2,54,beverage
1,4,bewilder
3,80,bewildering
3,124,bibliography
1,5,bibliophile
1,5,bicker
3,255,bid
1,6,bifurcate
2,6,bigot
3,105,bile
3,113,bilingual
1,0,bilk
1,2,billowy
3,172,bin
2,33,biosphere
1,3,biped
4,806,bit
3,180,bizarre
3,166,blade
1,10,blanch
3,73,bland
1,1,blandishment
2,49,blasphemy
3,102,blast
3,91,blatant
1,4,blazon
2,20,bleach
3,116,bleak
2,20,blemish
2,40,blight
2,40,blighted
3,63,bliss
2,28,blissful
2,11,blithe
2,16,blizzard
3,116,blockade
2,48,blockage
2,30,blooming
1,3,blotch
1,1,blowhard
4,632,blue
3,115,blueprint
2,30,blunder
3,155,blunt
3,103,blur
2,14,blurb
2,5,blurt
2,56,blush
2,14,bluster
2,14,blustering
3,100,boast
2,25,bodyguard
2,35,bog
1,2,boggle
2,40,bogus
2,32,boisterous
3,115,bolster
3,72,bolt
2,9,bombast
2,14,bombastic
3,75,bondage
2,32,bonnet
3,217,boom
2,51,boon
1,4,boor
3,212,boost
1,2,bootless
4,262,bore
3,99,boredom
3,155,boring
2,31,botany
2,31,boulder
2,26,bouquet
3,208,bourgeois
3,65,bout
2,69,boycott
2,35,brace
2,23,bracelet
2,35,bracing
3,81,bracket
2,14,brag
1,3,braggadocio
1,5,braggart
2,22,braid
3,82,brake
4,544,brand
1,6,brandish
2,28,brash
2,4,brassy
2,9,brat
2,28,bravado
2,12,bravura
2,16,brawl
2,30,brazen
3,328,breach
3,227,breadth
3,178,breed
2,60,bribe
2,9,bricklayer
2,24,bridle
3,92,brink
3,57,brisk
2,12,bristle
3,70,brittle
2,23,broach
3,58,brochure
3,93,broker
2,29,bromide
2,36,brood
2,32,brook
1,4,browbeat
2,21,bruise
2,9,bruit
2,61,brunt
2,17,brusque
3,204,brutal
3,97,brute
2,47,buck
3,88,bucket
2,19,bucolic
3,72,bud
2,24,budge
4,621,budget
2,9,buffoon
3,84,bulb
2,36,bulge
4,401,bulk
3,65,bully
1,3,bumptious
1,2,bungle
2,12,buoy
2,48,buoyant
3,238,bureaucracy
1,2,burgeon
3,207,burial
2,37,burlesque
1,4,burnish
3,82,bust
3,61,butt
2,48,buttress
-1,-1,byline
-1,-1,byproduct
2,34,bystander
3,157,Byzantine
2,12,cabal
3,177,cabinet
2,41,cache
1,7,cacophonous
2,29,cacophony
2,15,cadet
1,1,cadge
2,16,cajole
2,55,calamity
3,223,calcium
4,626,calculated
3,239,calculating
3,110,calculus
1,1,caldron
2,32,calibrate
1,6,calipers
2,22,calligraphy
2,41,callous
2,5,callow
2,53,calorie
1,0,calumniate
2,12,calumny
2,15,cameo
2,45,camouflage
4,722,campaign
2,13,canary
2,64,candid
2,30,candidacy
4,419,candidate
-1,-1,candor
3,83,cane
2,41,canine
2,23,canny
3,196,canon
3,152,canonical
3,91,canopy
2,36,cant
2,8,cantankerous
2,19,canto
3,153,canvas
2,18,canvass
2,23,canyon
2,32,cape
3,85,capillary
2,18,capitulate
2,24,caprice
2,54,capricious
3,99,capsule
2,49,caption
1,2,captious
2,10,captivate
4,640,capture
1,3,carafe
2,10,carapace
3,64,carbohydrate
2,18,carcinogen
3,124,cardinal
2,14,cardiologist
2,18,caress
1,4,careworn
3,113,cargo
3,77,caricature
2,17,carnivorous
2,9,carol
1,2,carouse
2,17,carp
3,51,carpenter
2,15,carrion
2,6,cartographer
3,99,cartoon
3,78,carve
4,591,cast
3,178,caste
2,10,castigate
2,10,castigation
3,240,casual
3,70,casualty
2,15,cataclysm
-1,-1,catalog
3,179,catalyst
3,155,catastrophe
3,151,categorical
4,947,category
3,108,cater
2,16,caterpillar
2,27,catharsis
3,125,cathedral
2,38,catholic
2,16,caucus
1,2,caulk
4,496,causal
2,37,caustic
1,2,cauterize
2,31,cavalier
3,154,cavalry
3,105,caveat
2,19,cavern
1,6,cavil
3,166,cavity
1,3,cavort
2,41,cede
4,361,celebrated
3,162,celebrity
3,70,celestial
3,62,cellar
2,21,cello
3,157,cement
2,48,censor
3,171,census
2,8,centaur
2,9,centigrade
2,22,centralization
2,11,centurion
3,63,ceramic
3,47,ceramics
3,79,cereal
3,260,cerebral
2,6,ceremonious
3,266,ceremony
4,422,certainty
3,122,certification
2,26,certitude
3,154,cessation
2,13,cession
2,9,chafe
2,21,chaff
2,36,chagrin
2,19,chalice
2,21,chameleon
3,177,champion
2,25,championship
2,55,chancellor
2,9,chandelier
3,62,chant
3,287,chaos
3,128,chapel
2,25,char
4,848,characteristic
3,264,characterization
3,301,characterize
2,17,charade
2,62,charisma
3,181,charitable
3,285,charity
2,12,charlatan
3,140,charm
3,165,charter
2,8,chary
3,117,chase
2,58,chasm
2,45,chaste
2,16,chastise
2,15,chauvinistic
4,766,check
2,54,chef
1,3,cherubic
2,10,chicanery
2,10,chide
2,28,chimera
3,120,chip
1,3,chipmunk
2,18,chisel
2,17,chivalrous
5,1800,choice
3,91,choir
2,38,choke
2,8,choleric
3,115,chord
2,25,choreography
3,136,chorus
2,29,chromatic
3,149,chromosome
4,673,chronic
1,4,chrysanthemum
2,15,chuckle
1,3,churl
2,10,cinder
2,28,cipher
4,335,circuit
2,26,circuitous
4,332,circular
3,156,circulate
4,424,circulation
3,83,circumference
1,10,circumlocution
2,32,circumscribe
2,69,circumstantial
3,100,circumvent
2,25,cistern
3,234,cite
4,1344,civil
3,261,civilian
2,63,civility
5,1722,claim
2,11,clairvoyance
2,19,clam
-1,-1,clamor
2,44,clamp
3,87,clandestine
1,5,clannish
4,367,clarify
2,14,clarion
4,389,clarity
3,217,clash
2,23,clasp
3,200,classify
3,331,clause
3,220,clay
3,84,cleavage
2,23,cleave
1,6,cleaver
3,59,cleft
2,25,clemency
2,7,clement
3,70,clientele
3,122,climax
2,12,clinch
3,96,cling
4,1393,clinical
3,85,clip
2,6,clipper
2,39,clique
2,16,clog
2,25,cloister
3,67,closet
2,42,clot
1,3,cloture
1,2,cloudburst
2,58,clout
2,38,clown
2,8,cloying
3,90,clumsy
3,388,cluster
1,7,coagulant
1,8,coagulate
2,74,coagulation
2,61,coalesce
3,298,coalition
3,141,coarse
1,2,coarsen
2,22,coax
2,12,cob
2,17,cobbler
2,22,cocoon
2,31,coda
1,2,coddle
4,791,code
2,42,codify
2,58,coerce
3,204,coercion
2,12,coeval
2,65,cogent
1,1,cogitate
2,20,cognizance
2,46,cognizant
2,16,cohabit
4,457,coherent
3,264,cohesion
3,136,cohesive
3,224,coincide
1,4,colander
1,1,cold-blooded
3,136,collaborate
2,45,collage
4,522,collapse
3,186,collar
2,25,collate
3,138,collateral
4,673,collected
4,1104,collection
3,132,collision
2,52,colloquial
2,12,colloquium
2,30,collude
3,92,colon
2,37,colonize
2,11,colonnade
3,222,colony
2,25,coloration
3,64,colossal
2,10,colossus
1,1,coltish
3,69,coma
2,21,comatose
4,395,combat
2,24,combustible
1,3,comedienne
2,14,comely
3,177,comic
1,11,comity
2,32,comma
3,65,commemorate
3,115,commence
3,108,commencement
3,101,commensurate
3,356,commentary
1,4,commingle
4,391,commission
4,409,commit
4,865,committed
2,12,commodious
3,340,commodity
3,260,commonplace
3,238,commonsense
2,60,commonwealth
2,36,commotion
3,315,communal
2,70,commune
4,517,communicate
2,39,commute
3,211,compact
3,251,companion
4,1071,comparison
3,101,compartment
3,113,compass
3,199,compassion
3,97,compassionate
4,390,compatible
2,18,compatriot
3,130,compel
3,390,compelling
2,57,compendium
3,298,compensate
3,120,compensatory
4,395,compete
4,495,competence
3,77,compile
3,79,complacency
3,63,complacent
1,5,complaisance
1,4,complaisant
4,384,complementary
4,519,compliance
3,125,compliant
3,152,complicate
3,82,compliment
3,334,comply
4,915,component
3,137,compose
4,623,composed
3,129,composer
2,39,compost
2,33,composure
3,320,compound
3,206,comprehend
3,106,comprehensible
4,793,comprehensive
2,42,compress
4,477,compromise
3,128,compulsion
2,21,compunction
1,4,concatenate
2,56,concave
3,192,conceal
3,138,concede
2,54,conceit
3,267,conceive
4,455,concentrate
4,811,conception
2,11,concerto
3,152,concession
2,11,conciliate
2,57,conciliatory
3,153,concise
2,6,conclave
3,156,conclusive
3,187,concomitant
2,32,concord
4,747,concrete
3,90,concur
2,16,concussion
3,156,condemn
2,31,condense
2,8,condescend
2,35,condescending
2,42,condone
3,218,conducive
4,978,conduct
3,102,conduit
3,104,cone
2,11,confection
2,12,confederacy
3,167,confer
4,594,conference
3,140,confess
2,28,confide
4,866,confidence
3,145,confidential
4,313,configuration
3,124,confine
4,458,confirm
2,22,confiscate
2,29,conflagration
2,39,conflate
4,1598,conflict
3,340,conform
2,42,conformist
3,240,conformity
2,62,confound
3,310,confront
1,7,congeal
3,76,congenial
1,1,congest
2,55,conglomerate
2,41,congregate
3,102,congruent
1,6,congruous
2,13,conifer
3,117,conjecture
2,11,conjoin
4,444,conjunction
3,66,conjure
1,4,connive
2,21,connoisseur
3,94,connotation
3,121,conquer
3,231,conquest
3,298,conscience
3,106,conscientious
2,18,conscript
4,647,consensus
4,631,consent
4,959,consequence
3,102,consequential
4,595,conservative
2,21,conservatory
3,103,conserve
4,1122,considerable
2,22,consign
4,399,consistency
4,1029,consistent
3,63,console
3,175,consolidate
3,256,consolidation
3,103,consonant
3,190,conspicuous
3,167,conspiracy
2,43,conspire
4,1141,constant
3,120,constellation
2,49,consternation
3,251,constituent
4,694,constitute
4,494,constitution
3,547,constitutional
3,164,constrain
3,369,constrained
3,331,constraint
2,16,constrict
4,660,construct
2,69,construe
2,56,consul
2,53,consummate
5,1290,contact
2,70,contagious
4,911,contain
3,137,containment
2,38,contaminate
3,166,contemplate
3,196,contempt
2,33,contemptible
2,48,contemptuous
3,222,contend
5,1693,content
3,68,contented
3,255,contention
3,222,contentious
3,254,contest
5,2774,context
3,82,contiguous
3,268,continent
3,390,contingent
3,294,continuation
1,3,contort
2,22,contraband
4,1044,contract
3,183,contradict
4,396,contradictory
5,1657,contrast
2,34,contravene
2,11,contrite
2,20,contrition
2,23,contrive
3,99,contrived
5,3977,control
4,510,controversial
1,2,controvert
1,2,contumacious
2,78,conundrum
1,3,convalesce
2,14,convalescent
3,270,convenience
4,797,conventional
3,175,converge
2,81,convergent
2,39,conversant
3,146,converse
3,333,convert
2,49,convertible
3,60,convex
4,382,convey
2,72,convict
4,429,conviction
3,313,convince
2,25,convivial
2,25,conviviality
1,2,convoke
2,66,convoluted
1,2,convulse
2,17,convulsion
2,11,coop
3,231,cooperate
3,332,cooperative
3,298,coordinate
3,75,copious
3,272,cord
4,1171,core
2,17,cornucopia
2,52,coronation
4,965,corporate
2,95,corporeal
1,5,corpuscle
2,11,corral
3,100,correspondent
2,51,corroborate
2,12,corrode
2,57,corrosive
1,0,corrugate
2,32,corrugated
3,231,corrupt
3,135,cosmic
3,155,cosmopolitan
3,155,cosmopolitanism
3,99,cosmos
1,1,cosset
3,108,costume
2,27,coterie
2,26,coterminous
1,2,cougar
3,102,countenance
3,134,counteract
2,66,counterbalance
2,45,counterfeit
1,4,countermand
3,252,counterpart
3,105,counterproductive
3,162,coup
4,1477,court
3,123,covenant
3,148,covert
2,16,covet
3,146,cow
2,32,coward
1,6,cower
2,24,coy
1,1,cozen
2,41,crab
1,5,crabbed
3,163,crack
3,285,craft
2,18,cram
2,17,cramp
2,11,cranky
2,29,crass
2,17,crate
2,43,crater
2,8,cravat
2,11,craven
3,63,craving
2,12,crayon
2,34,crease
3,102,credence
3,245,credible
4,888,credit
2,26,credulous
2,26,creek
3,108,creep
2,31,crescendo
3,94,crest
2,8,crestfallen
2,12,cringe
2,7,cringing
4,1005,criteria
4,430,criterion
3,250,critic
5,1903,critical
4,602,critique
2,5,croak
2,13,crochet
2,19,crockery
1,11,cronyism
2,25,crook
5,1374,cross
2,15,crouch
3,253,crown
4,992,crucial
2,8,crudity
2,10,crumb
2,40,crumble
1,6,crumple
3,83,crusade
3,86,crust
2,15,crutch
2,75,crux
1,1,cryogenic
2,55,cryptic
2,16,cub
2,17,cubicle
3,153,cue
2,66,cuisine
2,44,culinary
3,126,culmination
2,53,culpable
3,309,cult
3,180,cultivate
3,254,cultivated
3,112,cumbersome
2,6,cumulus
3,98,cunning
2,10,cupidity
2,39,curator
3,115,curb
1,5,curdle
1,2,curmudgeon
4,399,curriculum
3,83,cursory
2,14,curt
2,79,curtail
3,77,cushion
2,35,custodian
3,195,custody
3,295,customary
2,13,cuticle
2,28,cutlery
3,137,cyclical
2,19,cyclone
3,118,cylinder
2,19,cynic
2,18,cypress
2,25,cytology
2,9,dabble
2,19,daft
2,48,dagger
1,3,daguerreotype
2,21,dainty
2,5,dally
3,118,damp
3,118,damped
2,49,dampen
2,16,dandy
2,8,dapper
2,11,dappled
1,4,daredevil
2,35,dart
1,4,daunt
1,4,dawdle
1,9,deactivate
2,7,deaden
2,45,deadlock
2,8,deadpan
4,865,dealing
3,83,dearth
2,52,debacle
1,1,debark
2,9,debase
4,1199,debate
1,5,debilitate
1,1,debouch
2,12,debrief
3,124,debris
2,19,debunk
3,66,debut
2,50,decadence
3,78,deceit
3,73,decency
3,240,decent
3,186,deception
2,7,decibel
2,33,deciduous
1,6,decimate
2,65,decipher
1,6,declaim
2,12,declamation
4,830,decline
2,38,decode
2,31,decompose
3,110,decomposition
3,53,decorate
2,44,decorum
2,21,decrepit
2,22,decry
3,179,dedication
3,95,deduce
2,24,deduct
3,80,deductive
3,143,deed
1,6,deface
3,350,default
2,12,defeatist
3,272,defect
3,239,defendant
3,428,defense
3,101,defer
3,124,deference
2,38,deferential
3,126,defiance
3,300,deficiency
3,337,deficit
2,17,defile
-1,-1,defined
4,332,definite
4,1418,definition
3,303,definitive
2,34,deflated
3,67,deflect
1,1,defoliator
1,1,deforestation
2,16,defraud
2,28,deft
2,49,defuse
3,113,defy
3,290,degradation
1,6,dehydrate
1,4,deify
2,11,deign
2,22,dejected
2,12,delectable
3,128,delegate
3,104,deleterious
4,399,deliberate
3,64,delicacy
4,289,delicate
2,37,delimit
3,102,delineate
3,72,delinquency
3,50,delinquent
2,27,delirious
2,62,delirium
3,119,delta
2,15,delude
2,30,deluge
3,94,delusion
2,61,delve
2,10,demagogue
5,1487,demand
4,458,demanding
2,14,demean
3,230,demise
2,56,demography
2,37,demolish
3,73,demolition
4,855,demonstrate
2,45,demonstrative
1,7,demoralize
1,6,demote
2,10,demotic
2,14,demur
2,20,demystify
3,257,den
2,36,denigrate
2,17,denim
1,7,denizen
2,64,denomination
3,245,denote
2,25,denouement
2,68,denounce
2,41,dent
1,2,denture
1,4,denude
2,61,denunciation
3,174,depict
2,26,deplete
2,27,deplore
2,16,deport
2,66,deportation
2,19,depose
3,134,deposition
2,36,depraved
2,38,depravity
2,6,deprecate
2,19,depreciate
4,295,depressed
4,837,depression
3,266,deprivation
3,157,deputy
1,0,deracinate
2,33,deranged
2,37,derelict
2,21,dereliction
2,15,deride
3,132,derivation
3,219,derivative
1,10,dermatologist
2,12,derogate
2,67,derogatory
3,113,descend
3,74,descendant
3,273,descent
1,3,descry
1,6,desecrate
4,290,desert
4,290,deserted
2,12,deserter
2,45,desertion
1,3,desiccate
3,186,designation
3,206,designer
4,542,desirable
3,282,desperate
2,31,despicable
3,58,despise
2,25,despondent
2,20,despot
2,49,despotic
2,52,despotism
2,35,destitution
2,20,desultory
2,62,detach
3,246,detached
2,48,detain
4,364,detection
3,157,deter
2,37,detergent
3,94,deteriorate
3,94,deterioration
3,183,determinant
4,710,determination
2,20,detest
2,16,detonation
2,53,detour
1,4,detraction
3,222,detrimental
2,26,detritus
2,16,devastate
3,131,deviant
3,103,deviate
3,342,deviation
2,39,devious
3,182,devise
3,183,devoid
4,546,devoted
2,29,devotee
2,65,devotional
2,37,devour
3,86,devout
2,53,dexterity
2,9,dexterous
3,271,diabetes
2,29,diabolical
3,117,diagnose
3,106,diagonal
4,327,diagram
3,110,dialect
4,332,diameter
2,7,diaphanous
2,22,diatribe
3,195,dictate
3,88,didactic
4,877,die
-1,-1,diehard
3,306,differentiate
2,15,diffident
3,248,diffuse
3,85,digestion
3,98,digit
4,363,dignity
2,13,digress
2,35,digression
1,-1,dilapidate
2,40,dilapidated
2,20,dilate
2,9,dilatory
4,398,dilemma
2,11,dilettante
3,94,diligence
3,85,dilute
3,112,dim
4,732,dimension
3,85,diminution
2,8,dimple
3,58,din
2,19,dingy
3,251,diplomatic
3,166,dire
2,8,dirge
2,9,disabuse
1,0,disaffect
3,48,disagreeable
2,35,disarm
2,66,disarray
4,379,disaster
1,1,disbar
1,10,disburse
3,92,discard
3,210,discern
3,141,discernible
3,92,discerning
4,378,discharge
3,81,disciple
4,713,discipline
2,23,disclaim
3,182,disclose
1,5,discography
1,0,discombobulate
1,0,discombobulated
1,2,discomfit
2,7,discomfited
2,12,discomfiture
1,0,discompose
1,3,disconcert
3,96,discord
3,246,discount
4,1026,discourse
3,85,discredit
3,81,discreet
3,195,discrepancy
3,354,discrete
3,291,discretion
3,122,discretionary
3,176,discriminate
3,166,discriminatory
3,256,discursive
3,113,disdain
2,68,disembodied
1,1,disenchant
2,39,disengage
2,69,disentangle
2,7,disfigure
1,5,disgorge
1,0,disgruntle
3,171,disguise
3,135,disgust
2,26,disillusion
1,5,disinfect
2,15,disinfectant
1,2,disinter
3,102,disinterested
2,70,disjunction
2,26,disjunctive
2,11,dislocate
2,42,dislodge
3,81,dismal
2,69,dismantle
3,96,dismay
2,27,disparage
3,220,disparate
3,170,disparity
2,51,dispassionate
3,72,dispatch
3,71,dispel
2,22,dispensable
3,107,dispense
3,77,disperse
3,117,displace
3,106,disposable
4,373,disposal
3,132,dispose
3,218,disposed
3,271,disposition
1,6,disproof
2,48,disprove
4,544,dispute
3,203,disregard
2,28,disrepute
3,204,disrupt
3,196,disruptive
2,34,dissect
2,9,dissemble
3,103,disseminate
3,211,dissent
3,199,dissertation
2,65,dissident
1,4,dissimulate
2,55,dissipate
3,145,dissociation
2,21,dissolute
3,145,dissolve
2,27,dissonant
2,53,dissuade
4,530,distant
1,6,distend
2,29,distension
-1,-1,distill
4,1089,distinct
4,1126,distinction
4,617,distinctive
4,593,distinguished
3,140,distort
3,102,distract
3,146,distracted
2,44,distraught
4,429,distress
3,205,distribute
4,431,district
2,9,ditty
2,38,diurnal
2,9,diva
2,42,diver
3,107,diverge
3,212,divergent
4,780,diverse
4,933,diversity
3,124,divert
2,35,divest
1,9,divestiture
4,755,divine
2,29,divulge
2,46,docile
2,21,doctrinaire
4,643,doctrine
4,739,document
1,0,dodder
2,24,dodge
1,4,doff
2,61,dogged
2,10,doggerel
3,107,dogma
2,35,dogmatism
2,11,doldrums
2,10,doleful
1,3,dolorous
1,2,dolt
4,767,domain
3,90,dome
2,20,domesticate
2,32,domicile
4,1009,dominant
4,387,dominate
3,353,domination
2,60,donate
3,225,donor
2,7,doodle
3,101,dormancy
3,101,dormant
3,111,dorsal
4,552,dose
2,30,dossier
2,6,dote
2,13,doting
2,15,dour
1,6,douse
5,3491,down
2,58,downplay
2,15,downpour
-1,-1,down-to-earth
2,11,doyen
2,29,drab
2,45,draconian
4,445,draft
1,1,draftsmanship
3,188,drain
3,186,drainage
3,165,drastic
2,10,drawbridge
2,6,drawl
3,50,dreary
2,16,dregs
1,4,drench
2,35,drenched
3,103,drill
1,5,drivel
2,12,drizzle
1,3,drizzly
2,8,droll
2,27,drone
2,13,droop
2,22,droplet
2,12,dross
3,136,drought
3,266,drove
2,30,drudgery
4,436,dual
3,207,dubious
1,6,duckling
3,102,duct
2,52,duel
2,19,duet
3,190,dull
3,82,dummy
2,29,dune
2,18,dupe
2,22,duplicitous
2,34,duplicity
4,610,duration
2,53,duress
2,37,dutiful
3,83,dwarf
3,192,dwelling
2,17,dwindle
4,876,dynamic
2,13,dynamo
3,137,dysfunctional
2,48,dyslexia
1,6,dyspeptic
3,140,earnest
1,0,earplug
2,7,earring
2,17,earshot
-1,-1,earsplitting
3,135,earthly
2,31,earthy
2,14,easel
2,7,eavesdrop
3,61,ebb
2,12,ebullience
3,117,eccentric
3,115,eclectic
2,27,eclecticism
2,16,ecologist
3,130,economical
3,75,ecstasy
3,70,ecstatic
2,17,eddy
3,82,edifice
1,7,edify
2,23,efface
1,1,effervesce
2,13,effete
3,84,efficacious
4,460,efficacy
1,4,effluvia
2,8,effrontery
1,1,effulgent
3,188,egalitarian
2,40,egocentric
1,3,egotist
2,52,egregious
2,19,egress
4,444,elaborate
4,444,elaboration
2,25,elated
3,124,elbow
2,30,elegy
3,257,elementary
1,4,elephantine
3,98,elevate
3,216,elicit
3,206,eligible
4,411,eliminate
4,505,elite
2,17,ellipsis
2,55,elliptical
2,18,elm
2,7,elocution
2,22,elongate
3,67,eloquence
3,107,elucidate
2,44,elude
3,212,elusive
1,0,emaciate
1,0,emaciation
2,73,emanate
2,20,emancipate
2,48,embargo
2,38,embarrass
2,73,embed
2,28,embellish
2,17,embezzlement
2,85,emblematic
3,200,embody
1,8,embolden
1,2,emboss
4,409,embrace
2,9,embroider
1,6,emend
4,489,emergency
2,40,emigrate
3,99,eminence
3,222,eminent
2,25,emissary
2,59,emit
1,8,emollient
1,3,emote
3,229,empathy
3,92,emphatic
4,926,empirical
3,85,empiricism
3,137,empower
1,1,empyreal
3,122,emulate
1,2,emulsify
3,170,enact
2,37,enamel
2,15,enamored
2,56,encapsulate
2,10,enchant
3,122,enclosure
1,0,encomiast
2,12,encomium
3,244,encompass
4,599,encounter
2,31,encroach
1,7,encumber
2,39,encyclopedia
2,24,endearing
3,174,endemic
3,186,endorse
2,49,endow
3,220,endure
3,340,enduring
1,3,enervate
1,3,enfeeble
1,-1,enfetter
-1,-1,enflame
4,844,engaged
4,481,engaging
3,121,engender
1,5,engrave
1,3,engross
2,25,engulf
4,604,enhance
2,19,enjoin
2,39,enlighten
2,39,enlightening
3,78,enlist
2,22,enliven
1,6,enmesh
2,61,enmity
2,15,ennui
2,45,enormity
4,576,enormous
1,7,enrage
1,0,enrapture
1,2,ensconce
3,128,ensemble
2,12,ensign
3,88,ensue
4,1413,ensure
3,282,entail
2,7,entangle
4,589,enterprise
2,11,enthralling
2,51,entice
3,161,entirety
2,36,entitle
4,549,entity
4,381,entrance
4,381,entrancing
2,14,entreat
2,13,entreaty
-1,-1,entree
3,154,entrepreneur
2,40,entrust
4,879,entry
2,32,enumerate
2,13,enunciate
2,12,environ
2,79,envision
3,189,enzyme
1,0,epaulet
3,103,ephemeral
3,165,epic
1,2,epicure
3,190,epidemic
2,42,epidermis
2,22,epigram
2,36,epilogue
3,108,episodic
2,39,epitaph
2,56,epithet
2,67,epitome
2,18,epitomize
3,111,epoch
2,8,equable
2,29,equanimity
3,152,equate
4,757,equation
2,41,equator
4,551,equilibrium
2,25,equine
3,492,equity
4,870,equivalent
1,4,equivocate
2,26,equivocation
3,114,eradicate
3,85,erase
2,53,erasure
3,130,erect
2,56,err
2,25,errand
3,93,erratic
2,17,ersatz
2,60,erstwhile
2,37,erudite
2,48,erupt
2,68,escalate
3,128,escalation
2,22,escapism
2,62,eschew
2,12,esophagus
3,99,esoteric
2,44,espionage
2,23,espousal
2,62,espouse
1,1,espy
5,1514,essential
2,12,estimable
2,62,estranged
2,8,etch
2,32,etching
3,323,eternal
2,40,ethereal
4,709,ethics
4,1025,ethnic
2,16,ethnology
3,241,ethos
3,70,etiquette
2,50,etymology
2,16,eucalyptus
1,5,eulogistic
1,2,eulogize
2,28,eulogy
2,42,euphemism
1,3,euphonious
3,59,euphoria
2,42,evacuate
3,108,evade
4,1066,evaluation
2,22,evanescent
2,43,evaporate
3,81,evasion
2,46,evasive
5,7112,even
-1,-1,evenhanded
2,16,evict
2,33,eviction
2,26,evince
3,86,evocative
3,181,evoke
3,296,evolve
2,10,ewe
1,4,ewer
3,127,exacerbate
4,560,exact
3,66,exacting
2,18,exactitude
3,97,exaggerate
3,97,exaggeration
2,21,exalt
2,35,exaltation
1,3,exasperate
2,22,excavate
3,333,exceed
2,72,excel
4,368,exceptional
4,539,excess
2,41,excise
2,24,excitability
2,24,exclaim
2,44,exclamation
4,427,exclude
4,539,exclusive
1,5,excoriate
2,21,excrete
1,4,exculpate
3,62,excursion
1,1,excursive
2,10,execrable
1,1,execrate
3,168,execute
3,202,exemplary
3,117,exemplify
3,160,exempt
3,291,exert
2,15,exhale
3,125,exhaust
3,217,exhaustive
1,1,exhilarate
2,29,exhilaration
2,23,exhort
1,6,exigent
3,183,existential
3,69,exodus
2,16,exonerate
2,41,exorbitant
-1,-1,exorcise
3,219,exotic
4,514,expand
3,155,expansive
2,63,expediency
3,104,expedient
2,18,expeditious
3,73,expel
2,58,expend
4,475,expenditure
4,602,expertise
2,8,expiate
2,55,expiration
2,43,expire
2,49,explicate
4,771,explicit
3,344,exploit
3,170,explosive
3,79,exponent
3,126,exponentially
3,182,exposition
2,23,expository
1,2,expostulate
4,866,exposure
2,35,expound
3,185,expressly
2,12,expunge
1,1,expurgate
3,93,exquisite
3,184,extant
1,4,extemporaneous
1,2,extemporize
4,682,extend
1,2,extenuate
2,21,exterminate
2,14,externalize
3,96,extinct
3,198,extinction
2,48,extinguish
2,9,extirpation
2,24,extol
2,18,extort
4,357,extract
3,78,extraneous
2,51,extrapolate
2,48,extravagance
2,62,extremist
2,36,extricable
2,36,extricate
2,16,extrovert
2,42,exuberance
2,55,exuberant
2,18,exude
2,6,exult
4,395,fabric
2,26,fabricate
1,5,facade
3,117,facet
2,13,facetious
2,50,facile
4,635,facilitate
4,686,facilities
3,108,faction
5,1523,factorable
1,4,factotum
3,242,factual
3,297,faculty
2,40,fad
1,5,faddish
3,130,fade
2,17,falcon
2,38,fallacious
3,110,fallacy
2,51,fallibility
2,51,fallible
2,30,fallow
3,66,falsehood
2,30,falter
3,260,familiarity
3,154,famine
1,1,famish
2,27,fanatic
2,9,fang
4,302,fantasy
2,48,farce
3,86,farewell
2,28,far-reaching
4,799,fast
2,26,fasten
2,25,fastidious
2,7,fastness
3,301,fatal
2,47,fathom
3,228,fatigue
2,10,fatten
1,1,fatuity
2,11,fatuous
1,7,faucet
4,467,fault
-1,-1,faultfinder
-1,-1,favorable
2,15,fawn
1,2,faze
3,322,feasible
3,89,feat
4,1102,feature
2,14,feckless
2,47,fecundity
3,92,feeble
4,555,feedback
2,18,feign
2,42,feigned
2,9,feint
2,28,felicitous
4,719,fell
2,9,felon
2,26,felony
4,435,feminist
2,5,fender
2,28,feral
2,52,ferment
2,72,fermentation
2,30,fern
2,18,ferret
2,25,ferrous
3,266,fertile
2,16,fertilize
2,64,fertilizer
1,6,fervid
-1,-1,fervor
2,14,fester
2,49,festive
2,11,fetid
2,11,fetter
3,146,fetus
2,39,feud
2,36,fiasco
2,50,fiat
2,40,fickle
3,91,fictitious
2,8,fidget
3,136,fig
2,13,figment
3,74,figurative
2,26,figurehead
2,9,figurine
4,526,file
1,6,filibuster
2,9,filigree
2,18,filings
1,2,filly
4,258,filter
2,42,filth
2,36,finale
2,28,finesse
1,6,finicky
3,358,finite
2,17,firearm
1,4,firefly
3,283,fiscal
2,43,fissure
1,13,fixate
2,19,flaccid
3,233,flag
2,29,flagging
1,0,flaggy
2,36,flagrant
2,11,flail
2,10,flak
2,48,flamboyant
2,26,flammable
2,22,flange
3,57,flare
2,24,flask
-1,-1,flatcar
2,33,flatten
3,67,flatter
2,18,flaunt
1,-1,flaunty
3,99,flaw
2,25,flax
1,1,fledge
2,66,fledgling
3,108,fleeting
4,547,flexible
4,465,flight
2,45,flimsy
2,14,flinch
2,55,flint
3,99,flip
2,13,flippant
2,21,flirt
2,13,flit
3,112,flock
1,3,floodgate
3,116,flora
2,30,florid
2,16,flounder
3,206,flourish
2,18,flout
2,68,fluctuate
2,29,fluffy
2,14,fluke
3,63,fluorescent
3,96,flush
2,14,flustered
2,34,flutter
2,17,fluvial
3,231,flux
1,3,foible
3,92,foil
3,337,fold
3,103,folder
3,70,foliage
3,102,folklore
3,101,folly
2,22,foment
2,12,foodstuff
2,26,foolproof
1,5,foppish
2,42,forage
2,42,forager
2,36,forbearance
3,89,forbid
3,89,forbidding
2,27,ford
1,1,forebode
3,185,forecast
2,25,foreknowledge
3,75,forerunner
2,18,foreshadow
3,113,foresight
2,58,forestall
3,117,forestry
2,47,forfeit
3,144,forge
2,6,forger
2,35,forgery
2,62,forgo
3,97,formality
4,1136,formation
3,211,formidable
4,580,formula
2,31,forsake
2,33,forte
2,48,forthright
2,34,fortify
2,40,fortitude
2,58,fortuitous
3,282,forum
4,1150,forward
1,4,fosse
1,2,fossilize
3,424,foster
3,139,foul
3,314,founder
-1,-1,four-poster
2,20,foyer
2,10,fracas
3,333,fraction
2,31,fractious
3,196,fracture
3,280,fragile
3,209,fragment
2,41,fragrance
2,54,fragrant
3,82,frail
3,69,frantic
3,226,fraud
3,78,fraudulent
3,179,fraught
1,4,freckle
1,2,freelancer
3,87,freight
2,32,frenetic
3,78,frenzy
4,846,frequency
4,689,frequent
2,27,fresco
2,23,fret
2,16,friable
3,217,friction
2,21,frieze
2,22,frigid
2,22,frigidity
3,121,fringe
1,6,frisky
3,68,frivolous
2,10,frond
2,16,frothy
2,34,frugal
3,80,fruition
2,65,frustrate
2,31,fulcrum
3,287,fulfil
1,7,full-blown
-1,-1,full-bodied
1,2,full-fledged
1,3,fulminate
2,20,fulsome
2,6,fumble
2,14,fume
1,2,fumigate
4,844,functional
2,15,functionary
4,1217,fundamental
3,70,fungi
2,8,fungicide
3,55,furnace
2,15,furor
2,26,furrow
2,20,furtive
1,4,fusillade
3,222,fusion
3,77,fuss
2,25,fussy
1,3,fusty
3,149,futile
3,74,futility
1,5,gadfly
2,16,gadget
1,6,gaffe
2,9,gaggle
1,7,gainsay
3,81,gait
2,28,galaxy
2,42,gall
2,40,gallant
2,23,galley
2,38,gallon
2,16,galvanize
3,69,gamble
1,2,gambol
2,9,gangway
2,11,gape
1,1,garble
2,16,garbled
1,1,gardenia
2,19,gargantuan
1,3,gargoyle
2,18,garish
3,116,garment
2,53,garner
2,12,garnish
2,12,garrulity
2,12,garrulous
2,51,gaseous
2,12,gash
1,0,gasification
1,1,gaucherie
2,24,gaudy
3,200,gauge
1,5,gavel
3,332,gaze
1,5,gazetteer
3,146,gear
2,38,gem
4,607,gene
3,107,genealogy
3,109,generality
3,108,generalize
4,730,generate
4,1084,generation
3,139,generator
3,423,generic
3,180,generosity
3,151,genesis
4,763,genetic
3,159,genetics
2,30,genial
3,160,genome
3,316,genre
2,38,genteel
4,261,gentle
3,84,gentry
4,571,genuine
3,126,genus
1,0,geometrician
3,85,germ
2,47,germane
1,0,germicide
2,22,germinate
1,3,gerontocracy
2,9,gerontology
1,2,gerrymander
3,290,gesture
1,5,geyser
1,3,gibe
2,23,giddy
2,18,giggle
2,5,gild
2,10,gimmick
2,57,ginger
2,18,gingerly
2,10,girder
2,39,girth
2,55,gist
2,49,glacial
2,9,glade
1,8,gladiator
3,293,glance
3,59,glare
2,17,glaze
2,38,glean
2,24,glib
2,45,glide
2,29,glimmer
2,6,glisten
1,9,glitch
2,7,gloat
3,67,gloom
3,101,gloomy
3,117,gloss
3,72,glossary
3,63,glossy
3,95,glow
1,2,glower
3,87,glowing
3,198,glucose
2,26,glut
2,6,glutinous
1,7,gluttonous
2,13,gnarled
2,12,gnaw
2,15,goad
2,7,gobble
2,15,goblet
1,-1,goldbrick
2,17,gong
3,159,goodwill
2,33,gorge
2,22,gorilla
3,139,gospel
2,8,gossamer
2,10,gouge
1,4,gourmand
2,23,gourmet
4,366,grace
3,75,gracious
2,24,gradation
3,139,graduated
3,100,graft
4,357,grain
3,87,grandeur
3,76,grandiose
2,6,grandstand
3,69,granite
4,495,grant
3,196,graphic
2,28,graphite
3,124,grasping
2,22,grate
4,422,grateful
3,95,gratification
2,27,gratify
2,29,grating
3,246,gratitude
2,51,gratuitous
2,11,gratuity
4,353,grave
3,81,gravel
2,58,gravitational
3,277,gravity
2,36,graze
3,42,grease
4,782,green
3,124,greenhouse
2,25,gregarious
2,25,gregariousness
2,21,grenade
3,276,grief
3,84,grievance
2,45,grieve
2,45,grievous
2,25,grill
3,122,grim
2,17,grimace
3,45,grin
3,63,grind
2,8,gripe
2,47,gripping
2,26,grisly
1,2,gristle
2,33,grit
2,30,groan
2,58,groom
3,67,groove
2,12,grope
4,390,gross
2,14,grotto
1,1,grouch
3,398,grounded
5,4353,group
2,17,grouse
2,38,grove
1,4,grovel
-1,-1,grueling
2,14,grumble
4,545,guarantee
1,2,guffaw
2,20,guile
2,7,guileless
2,17,guillotine
4,354,guilt
4,395,guilty
3,160,guise
2,32,gullible
2,16,gully
2,13,gulp
3,85,gum
2,46,guru
2,12,gush
1,1,gusher
2,19,gust
1,1,gustation
2,15,gustatory
2,33,gutter
3,141,guy
1,2,guzzle
1,3,gyrate
3,214,habitat
1,8,habituate
3,61,hack
2,18,hackneyed
3,67,hail
2,12,halcyon
2,8,hale
-1,-1,halfhearted
3,124,hallmark
1,3,hallow
2,36,hallowed
2,32,hallucination
2,46,halo
2,58,halting
3,122,hammer
2,71,hamper
4,468,handle
2,12,hangar
1,1,hangdog
2,13,hankering
3,80,haphazard
2,12,harangue
2,36,harass
2,39,harbinger
-1,-1,harbor
2,40,harden
-1,-1,hardheaded
2,49,hardy
4,366,harmony
3,123,harness
2,39,harp
2,11,harpsichord
1,1,harridan
2,5,harrow
2,41,harrowing
2,4,harry
3,313,harsh
3,313,harshly
3,75,hasten
3,85,hasty
3,46,hatch
2,32,haughty
3,91,haunt
2,6,hauteur
4,312,haven
3,76,havoc
2,36,hawk
3,214,hazard
3,178,hazardous
2,42,headlong
2,13,headstrong
2,53,headway
3,143,heal
2,9,hearken
1,2,hearten
-1,-1,heartrending
1,5,heavy-handedness
1,3,heckle
2,38,hectic
-1,-1,hector
3,158,hedge
1,10,hedonist
3,116,heed
3,215,hegemony
2,37,heinous
3,154,heir
2,10,heirloom
3,74,helmet
2,79,hem
3,168,hemisphere
1,9,hemophilia
2,69,hemorrhage
1,1,hemostat
2,20,herbaceous
2,18,herbicide
1,10,herbivorous
3,101,herd
3,145,hereditary
3,86,heresy
2,32,heretic
2,59,heretical
2,25,hermetic
2,31,hermit
1,0,herpetologist
2,33,heterodox
3,245,heterogeneous
2,12,hew
2,16,hexagon
2,49,hiatus
1,4,hibernate
4,343,hide
2,8,hidebound
3,60,hideous
2,14,hie
4,574,hierarchy
1,4,hieroglyph
2,10,hieroglyphic
2,16,highbrow
2,39,hike
2,30,hilarious
3,175,hinder
3,78,hinge
1,7,hirsute
2,16,hiss
2,39,histology
2,15,histrionic
3,242,hitherto
2,28,hive
2,34,hoard
2,14,hoary
2,25,hoax
1,10,hodgepodge
2,18,hoe
2,27,hoist
5,1315,hold
2,7,holster
3,94,homage
2,53,homeostasis
1,3,homiletics
3,133,homogeneity
3,270,homogeneous
2,13,homogenize
2,33,hone
1,5,honorarium
1,5,hoodwink
2,38,hoof
2,27,hoop
4,456,horizontal
3,252,hormone
3,136,horn
3,90,horrific
1,7,hortative
2,26,horticulture
2,52,hospitable
4,402,hostile
3,306,hostility
2,8,hovel
2,43,hover
3,128,hub
2,47,hubris
1,3,huckster
3,73,hue
2,9,hulk
3,52,hull
3,134,humane
3,188,humble
2,20,humdrum
3,62,humid
3,89,humidity
2,34,humiliate
3,116,humility
3,120,humor
2,29,hunch
2,71,hurdle
2,23,hurl
2,55,hurricane
4,695,husband
2,53,husbandry
2,23,hush
2,19,husk
2,12,husky
3,314,hybrid
1,4,hydrant
2,17,hydrate
3,79,hymn
2,31,hyperactivity
2,40,hyperbole
3,227,hypertension
2,15,hyphen
3,121,hypnotic
2,17,hypocrite
2,52,hypocritical
1,5,hypotenuse
4,800,hypothesis
3,243,hypothetical
3,76,hysteria
1,1,icicle
3,164,icon
1,6,iconoclast
2,29,iconoclastic
4,545,ideology
3,97,idiom
3,156,idle
1,3,idolater
2,24,idyll
2,13,igneous
2,36,ignite
2,23,ignoble
2,22,ignominious
2,16,ignominy
3,229,ignorant
3,429,illegal
3,157,illegitimate
3,165,illicit
3,89,illiterate
3,175,illuminate
1,2,illuminati
3,293,illusion
2,9,illusive
3,112,illusory
4,632,illustrate
2,11,imbibe
1,6,imbroglio
2,30,imbue
3,241,imitation
2,45,imitative
2,31,immaculate
3,92,immanent
2,42,immemorial
4,304,immense
2,22,immensity
2,40,immerse
3,230,imminent
1,3,immolate
4,365,immune
3,173,immunity
1,9,immunize
1,1,immure
2,19,imp
5,2139,impact
3,102,impair
1,3,impale
2,9,impalpable
3,95,impart
3,137,impartial
3,88,impasse
2,53,impassioned
2,14,impassive
1,11,impeach
2,48,impeccable
2,8,impecunious
3,152,impede
3,123,impediment
2,24,impel
3,156,impending
3,74,impenetrable
1,2,impenitent
3,372,imperative
3,433,imperial
2,30,imperious
2,16,impermanent
2,40,impermeability
2,40,impermeable
2,9,impersonate
2,14,impertinence
2,7,imperturbable
2,60,impervious
2,22,impetuous
3,258,impetus
3,87,impinge
2,62,implant
3,100,implausible
4,505,implement
2,55,implicate
4,430,implication
4,522,implicit
1,8,implode
2,16,implore
1,5,impolitic
2,8,imponderable
4,401,import
1,3,importune
4,490,impose
3,317,imposing
2,16,impostor
2,9,imposture
2,15,impoverish
3,87,imprecise
2,30,impregnable
2,11,impresario
3,270,impressed
4,578,impression
2,25,impressionable
3,215,imprint
2,41,impromptu
2,5,improvident
2,40,improvise
2,40,improvised
2,27,imprudent
2,16,impudent
2,14,impugn
1,1,impuissance
3,289,impulse
3,78,impulsive
2,72,impunity
1,5,inadvertence
2,56,inadvertently
2,52,inalienable
2,12,inane
3,74,inanimate
1,1,inappreciable
2,75,inaugural
2,26,inaugurate
2,35,inborn
1,2,incandescence
2,19,incantation
1,10,incarcerate
2,51,incarnate
2,28,incendiary
3,50,incense
3,356,incentive
3,176,inception
3,75,incessant
3,171,inch
2,43,inchoate
4,465,incidence
1,2,incinerate
3,81,incipient
1,4,incise
3,81,incision
2,51,incisive
2,50,incite
2,16,inclement
3,374,inclusive
1,-1,incogitant
2,17,incommensurate
3,291,incompatible
3,119,incompetent
2,39,incongruity
2,60,inconsequential
2,15,inconstancy
2,40,incontrovertible
4,440,incorporate
2,19,incorrigibility
2,19,incorrigible
2,17,incorruptible
2,31,incredulity
3,56,increment
2,12,incriminate
2,8,incubate
2,57,incubation
2,24,incubator
1,5,incubus
2,47,inculcate
1,0,inculpate
3,140,incumbent
3,114,incur
3,233,indebted
2,11,indecipherable
2,29,indecisive
2,28,indefatigable
2,45,indelible
2,10,indemnify
2,35,indemnity
2,10,indent
2,10,indenture
3,132,indeterminate
4,1028,indicate
3,291,indicative
3,199,indices
2,16,indict
3,212,indifferent
1,8,indigence
4,502,indigenous
2,23,indigent
3,50,indignant
3,92,indignation
2,30,indignity
3,252,indispensability
5,3730,individual
1,8,indoctrinate
2,31,indolent
2,17,indubitable
3,338,induce
1,7,induct
3,299,induction
3,120,indulge
1,0,indurate
2,48,industrious
2,38,ineffable
3,70,ineffectual
2,29,inelasticity
2,25,ineluctable
2,49,inept
2,26,ineptitude
2,47,inequity
3,95,inert
3,144,inertia
2,49,inexhaustible
3,71,inexorable
3,78,inexplicable
4,396,infant
3,70,infantile
3,110,infantry
2,29,infatuation
4,742,infection
1,6,infelicitous
1,3,infelicity
3,203,infer
4,428,inferior
2,11,inferno
2,9,infest
2,50,infiltrate
2,32,infinitesimal
3,107,infinity
2,37,infirm
2,20,inflame
3,73,inflamed
3,168,inflammation
2,40,inflate
3,98,inflict
3,145,influx
4,832,informed
2,15,infraction
2,51,infringe
1,6,infuriate
2,44,infuse
3,122,ingenious
1,4,ingenue
3,116,ingenuity
2,15,ingenuous
2,21,ingest
2,21,ingestion
3,99,ingrained
1,3,ingrate
2,11,ingratiate
2,8,ingratiating
3,178,ingredient
3,170,inhabit
2,44,inhabitant
2,18,inhale
3,117,inherit
3,210,inhibit
3,112,inhibitor
2,42,inhumane
2,58,inimical
2,26,inimitable
2,12,iniquitous
2,24,iniquity
5,1419,initial
3,311,initiate
4,531,initiative
3,264,injection
3,135,injunction
2,72,injurious
2,32,inkling
3,240,innate
3,185,innocence
3,83,innocuous
4,893,innovation
4,468,innovative
2,22,innuendo
2,10,inoculate
2,45,inordinate
4,457,inquiry
2,39,inquisitive
1,6,inroad
2,62,insatiable
2,40,inscribe
2,38,inscrutable
2,27,insecticide
1,4,insensate
1,2,insentient
3,196,insert
3,97,insider
3,95,insidious
2,40,insignia
2,13,insincerity
2,18,insinuate
2,18,insipid
2,25,insolence
2,25,insolent
3,62,insoluble
2,73,insolvency
3,117,insomnia
1,5,insouciant
4,344,inspection
4,404,inspiration
4,558,inspired
3,119,install
3,106,instantaneous
1,4,instate
2,44,instigate
2,41,instill
3,95,instinctive
3,160,institute
4,680,institution
3,188,institutionalized
3,197,instructive
4,433,instrumental
2,26,instrumentalist
2,7,insubordinate
2,34,insubstantial
4,415,insufficient
2,61,insular
2,61,insularity
2,51,insulate
3,178,insulin
2,36,insurgent
2,62,insurrection
4,348,intact
3,143,intangibility
3,143,intangible
4,532,integral
3,377,integrate
4,537,integrity
3,200,intellect
4,1058,intellectual
3,167,intelligible
3,113,intensify
4,491,intent
3,258,intentional
4,618,inter
4,1208,interaction
2,23,intercede
3,77,intercept
1,6,intercessor
3,102,interchangeable
2,15,interdict
4,397,interference
3,190,interim
2,10,interjection
2,17,interlock
2,17,interlocking
2,46,interlude
3,155,intermediary
2,44,interminable
2,16,intermingle
2,12,intermission
3,168,intermittent
2,20,intern
2,25,internecine
3,243,interplay
2,11,interpolate
2,10,interpose
2,16,interregnum
2,76,interrogate
2,20,interrogative
3,128,interrupt
3,101,intersect
1,5,intersperse
2,21,intertwine
3,302,intervene
4,398,intimate
2,53,intimidate
1,4,intoxicate
3,129,intractable
2,35,intransigent
2,30,intrepid
2,21,intricacy
3,186,intricate
3,67,intrigue
2,52,introspective
2,57,intrude
3,250,intuition
3,277,intuitive
1,6,inundate
-1,-1,inured
3,121,invade
2,25,invective
1,4,inveigh
1,3,inveigle
3,260,inventory
3,180,inverse
2,44,invert
2,21,invertebrate
4,491,investigate
2,24,inveterate
2,33,invidious
2,16,invigorate
2,30,invigorating
2,42,inviolable
3,210,invoke
3,152,involuntary
2,24,invulnerable
2,61,iodine
2,11,iota
2,14,irascible
2,22,irate
2,50,ire
2,14,iridescent
1,3,irk
2,20,irksome
2,11,ironclad
3,227,ironic
3,253,irony
1,0,irradicable
2,71,irreconcilable
2,12,irredeemable
3,87,irreducible
2,13,irremediable
2,25,irrepressible
2,45,irrevocable
2,17,irrigate
3,58,irritable
2,30,irritate
3,119,irritation
3,203,isolate
2,57,isotope
5,2303,issue
2,23,isthmus
2,57,itinerant
2,45,itinerary
3,81,ivory
1,1,jabber
2,16,jade
2,19,jaded
2,42,jagged
2,5,jamb
3,75,jar
3,124,jargon
3,75,jarring
2,58,jaundice
2,20,jaundiced
2,8,jaunt
2,14,jaunty
3,106,jazz
3,126,jealousy
2,5,jeer
1,3,jejune
2,51,jerk
2,60,jeopardize
2,71,jeopardy
2,33,jest
2,24,jettison
2,12,jibe
2,46,jigsaw
2,9,jingoism
2,17,jockey
2,13,jocular
1,2,jocund
2,18,jog
2,30,jolt
2,27,jot
2,18,jovial
2,15,jubilation
3,489,judicial
3,91,judicious
3,91,judiciousness
-1,-1,juggernaut
2,38,jumble
3,163,junction
3,405,jurisdiction
3,128,justifiable
4,542,justification
4,556,justify
3,160,juvenile
2,29,juxtapose
2,25,kaleidoscope
2,18,kangaroo
2,24,ken
2,11,kennel
3,90,kernel
2,26,kidnap
3,187,kidney
1,3,killjoy
3,194,kin
2,15,kindle
2,50,kindred
3,109,kinetic
2,25,knack
2,12,knave
2,7,knead
3,123,knit
2,14,knotty
4,438,know-how
2,17,kudos
2,27,labile
-1,-1,labored
3,58,labyrinth
3,67,lace
1,2,lacerate
1,3,lachrymose
1,5,lackadaisical
1,8,lackluster
2,23,laconic
2,36,lactic
3,151,lag
2,19,lair
2,61,laity
1,2,lambaste
3,124,lament
1,6,lampoon
2,42,lance
2,8,lancet
2,40,landfill
2,18,landlocked
3,170,landmark
2,35,landslide
2,20,languid
2,19,languish
2,8,languor
2,6,lank
3,112,lap
3,106,lapse
2,13,larder
2,32,largess
2,32,largesse
2,14,lark
2,13,larva
2,36,lash
2,13,lassitude
1,8,lasso
4,442,lasting
1,0,latency
3,213,latent
4,385,lateral
2,12,lathe
3,144,latitude
3,85,lattice
2,12,laud
2,42,lava
2,3,lave
3,93,lavish
2,16,laxative
3,91,leak
3,97,leakage
3,178,lease
2,11,leaven
2,9,lectern
2,51,ledger
2,7,leer
1,9,leery
3,393,legacy
3,213,legend
1,5,legerdemain
2,52,legion
2,69,legislate
4,945,legislation
3,161,legislature
4,643,legitimate
3,52,leisureliness
2,31,leniency
2,51,lenient
3,149,lethal
2,27,lethargic
2,46,lethargy
2,11,levee
-1,-1,levelheaded
3,98,lever
2,14,levity
3,70,levy
1,5,lexicographer
4,456,liability
3,129,liaison
2,45,libel
2,23,liberality
3,101,liberate
2,13,libertine
4,440,liberty
2,20,libretto
3,179,license
2,20,licentious
2,20,lien
1,2,ligneous
2,23,liken
3,229,limb
2,5,limber
1,1,limerick
3,73,limestone
5,1924,limited
1,4,limn
2,12,limousine
3,47,limp
2,12,limpid
3,166,lineage
4,615,linear
3,101,linen
3,71,linger
4,531,linguistic
3,94,linguistics
2,9,linoleum
2,12,lint
1,2,lionize
1,6,liquefy
4,391,liquid
2,20,liquidate
1,1,lissome
5,1385,list
2,15,listless
3,264,literal
3,130,literate
2,28,literati
2,15,lithe
2,11,litigant
3,202,litigation
3,101,litter
2,44,loaf
2,36,loath
2,25,loathe
3,161,lobby
3,154,lobe
2,68,locale
2,33,locomotion
2,27,locomotive
3,266,locus
1,9,lode
3,98,lofty
3,267,log
3,135,logistics
1,3,loll
3,141,longevity
3,152,longing
1,2,long-winded
3,81,loom
1,5,loon
4,302,loop
2,28,loophole
2,59,loosen
1,2,lope
2,24,lopsided
2,10,loquacious
4,1024,lot
3,92,lottery
3,56,lounge
1,4,loutish
5,2763,low
3,236,loyal
2,34,lubricant
2,13,lubricate
3,72,lucid
3,137,lucrative
3,56,ludicrous
2,11,lug
2,42,lukewarm
2,42,lull
2,10,lullaby
2,37,lumber
1,3,lumberjack
2,60,lumen
2,7,luminary
3,127,lump
2,52,lunar
2,41,lunatic
2,20,lurch
2,38,lurid
2,36,lurk
2,53,lush
3,111,lust
2,13,lustrous
2,23,luxuriant
3,76,luxurious
3,262,luxury
3,74,lyric
2,27,macabre
1,1,macerate
1,4,machination
1,0,maculated
1,4,madrigal
2,21,maelstrom
2,16,magenta
2,38,magisterial
2,20,magnanimity
2,20,magnanimous
2,25,magnate
3,169,magnificent
2,38,magnify
4,392,magnitude
2,11,magpie
4,806,maintenance
3,101,maize
3,55,majestic
1,2,maladroit
3,80,malaise
1,2,malapropism
1,4,malcontent
2,51,malevolent
1,18,malfeasance
2,44,malfunction
3,87,malicious
2,33,malign
1,1,malinger
2,70,malleable
2,38,malpractice
2,49,mammal
2,31,mammoth
3,261,mandate
3,259,mandatory
2,8,mangle
3,74,mania
4,415,manifest
3,328,manifestation
3,109,manifesto
3,125,manifold
3,218,manipulate
3,83,manipulative
2,35,mannered
3,63,mansion
3,133,mantle
1,1,manumit
2,52,manure
4,407,manuscript
2,23,maple
2,40,mar
3,119,marble
2,52,mare
2,22,margarine
3,391,margin
4,502,marginal
3,243,marine
1,6,marionette
3,270,marital
3,132,maritime
4,960,marked
2,13,maroon
2,52,marred
2,41,marsh
2,49,marshal
1,6,marsupial
3,128,martial
3,66,martyr
3,55,marvel
2,23,mash
3,284,mask
2,18,mason
2,36,masquerade
3,107,massacre
4,569,massive
3,77,mast
1,1,masticate
3,187,mate
2,74,materialize
3,386,maternal
4,561,matrix
3,47,mattress
4,437,mature
3,304,maturity
2,7,maudlin
1,3,maul
2,13,mauve
1,2,maven
2,31,maverick
1,6,mawkish
3,249,maximize
3,87,maze
-1,-1,meager
5,2119,mean
2,15,meander
1,5,measly
4,899,measured
4,705,mechanical
3,219,mechanics
4,897,mechanism
3,61,medal
2,22,meddle
1,7,meddlesome
3,182,mediate
4,497,medieval
3,56,mediocre
2,29,mediocrity
2,34,meditate
3,174,meditation
2,43,meditative
4,855,medium
2,21,medley
2,30,meek
5,1295,meet
3,104,melancholy
2,17,meld
1,6,mellifluous
2,34,melodrama
3,115,melody
2,21,melon
4,384,membrane
2,80,memoir
3,137,memorial
3,91,menace
2,51,mend
2,9,mendacious
1,9,mendacity
2,14,mendicant
1,3,menthol
3,153,mentor
2,58,mercantile
2,49,mercenary
2,20,mercurial
1,8,meretricious
4,338,merit
4,338,merited
2,32,meritorious
1,6,mesa
3,116,mesh
3,219,metabolism
2,9,metamorphose
4,436,metaphor
3,241,metaphysical
3,171,metaphysics
2,17,mete
2,19,meteoric
2,20,meteorology
2,58,methodical
3,100,meticulous
2,33,metrical
3,84,metropolis
3,194,metropolitan
2,18,mettle
1,0,mettlesome
2,12,microbe
2,13,microorganism
3,84,microscope
3,107,microscopic
1,0,miff
3,153,mighty
2,59,migratory
2,84,milestone
3,86,militia
4,389,milk
3,156,mill
2,26,mime
3,138,mimic
2,13,minaret
1,3,minatory
2,16,mince
2,44,mingle
3,121,miniature
3,307,minimize
1,4,minion
1,5,minnow
2,50,mint
1,6,minuet
2,35,minuscule
4,907,minutes
1,4,minutia
3,194,miracle
2,30,mirage
2,19,mire
2,26,mirth
1,3,misanthrope
2,49,mischievous
2,8,miscreant
2,13,miser
2,11,miserly
2,7,misgiving
1,3,misinform
2,43,misnomer
1,4,misperceive
2,34,misrepresent
2,34,misrepresentation
2,17,misshapen
3,103,missile
2,29,mite
3,172,mitigate
1,4,mitten
2,11,mnemonics
2,29,moan
2,29,moat
4,559,mobile
4,473,mobility
3,120,mock
4,895,mode
4,448,modest
2,41,modicum
3,332,modify
2,7,modish
2,61,modulate
-1,-1,mogul
2,53,molar
3,58,mold
2,19,molding
1,5,moldy
3,202,molecule
2,14,mollify
1,0,mollycoddle
1,3,molt
2,39,molten
5,1395,moment
3,92,momentous
3,310,momentum
3,120,monarch
3,165,monarchy
3,415,monetary
2,13,mongrel
2,16,monochromatic
2,24,monochrome
1,2,monocle
2,30,monogamy
3,104,monolithic
2,51,monologue
1,4,monomania
3,303,monopoly
3,63,monotonous
2,39,monotony
2,37,monsoon
2,31,montage
3,136,monumental
3,156,morale
2,49,moralistic
2,40,moratorium
3,70,morbid
2,6,mordant
3,90,mores
2,39,moribund
2,14,morose
2,18,morsel
4,504,mortality
3,86,mortar
3,139,mortgage
2,23,mortification
1,3,mortify
2,23,mortuary
3,119,mosaic
3,117,mosque
2,48,mosquito
2,13,mote
3,169,motif
2,14,motility
2,33,motley
2,24,mottled
3,105,motto
3,76,mountainous
2,51,mourn
2,28,mournful
5,2101,movement
2,7,muffle
-1,-1,muffled
1,5,muffler
1,1,mulish
4,1333,multiple
3,210,multiplicity
3,169,multiply
2,9,mumble
3,178,mundane
2,64,municipality
1,8,munificence
1,3,munition
2,38,mural
2,61,murky
3,71,murmur
4,650,muscle
3,165,muscular
2,41,muse
2,41,mushroom
1,10,musicologist
2,18,musket
3,88,muster
2,17,mutate
3,82,mute
3,90,muted
1,2,mutineer
2,15,mutter
2,42,myopia
2,42,myopic
3,217,myriad
3,67,mystic
2,31,nadir
2,13,nag
3,249,naive
2,54,narcissism
2,54,narcissist
2,34,narcotic
4,1008,narrative
3,124,nascent
2,46,natal
1,2,natty
3,112,nausea
1,1,nauseate
2,32,nautical
3,130,navigate
1,-1,naysay
2,48,nebulous
3,236,needle
2,14,needlework
3,91,needy
2,28,nefarious
3,88,negate
3,149,negation
3,154,negligence
2,73,negotiable
3,369,negotiate
2,64,neolithic
2,21,neologism
2,9,neophyte
2,28,nepotism
4,498,nerve
2,16,nettle
2,38,neurology
2,70,neutralize
2,38,neutron
3,148,nexus
2,7,nib
2,12,nibble
4,387,nice
2,8,nicety
2,22,nick
2,57,nicotine
3,127,nightmare
3,69,nil
2,21,nip
-1,-1,nitpick
3,79,nocturnal
1,6,noisome
2,19,nomad
3,82,nomadic
3,267,nominal
2,56,nominate
2,13,nonchalance
2,14,nonchalant
2,10,noncommittal
2,19,nonconformist
2,6,nonentity
1,1,nonflammable
1,1,nonplus
1,2,nonporous
1,2,nonradioactive
2,48,nonsensical
2,9,nonthreatening
1,4,nonviable
4,457,norm
3,121,nostalgia
2,10,nostrum
4,438,notable
3,55,notch
3,215,notorious
2,56,nourish
2,18,nova
3,205,novelty
3,85,novice
2,64,noxious
2,57,nuance
1,6,nubile
1,4,nucleate
3,232,nucleus
2,26,nudge
1,6,nugatory
2,28,nullify
2,36,numb
4,930,numerous
1,1,numismatist
3,168,nurture
3,123,nutrient
3,231,nutrition
1,3,oafishness
3,114,oak
2,40,oasis
3,138,oath
2,19,obdurate
3,82,obedient
2,16,obeisance
3,97,obese
2,16,obfuscate
2,40,obituary
3,324,objection
4,1129,objective
4,554,obligation
3,146,obligatory
3,76,oblige
2,43,obliging
3,120,oblique
2,43,obliterate
3,89,oblivious
1,6,obloquy
2,27,obnoxious
4,330,obscure
3,91,obscurity
2,11,obsequious
2,25,observatory
1,8,obsess
3,135,obsessed
3,180,obsession
2,13,obsolescent
3,170,obsolete
3,277,obstacle
2,24,obstinacy
2,42,obstinate
1,5,obstreperous
3,74,obstruct
3,200,obstruction
3,54,obtainable
2,24,obtuse
2,26,obverse
2,43,obviate
4,1134,obvious
2,18,occlude
3,73,occult
4,506,occupation
4,439,occurrence
2,7,octogenarian
3,388,odds
2,29,ode
2,31,odious
2,8,odium
1,3,odometer
2,70,odyssey
2,10,offbeat
-1,-1,offence(offense)
3,108,offend
3,275,offensive
2,14,offhand
2,10,officious
2,29,offish
-1,-1,off-key
3,263,offset
3,265,offspring
2,19,offstage
1,4,ogle
2,37,ointment
1,7,olfaction
2,34,oligarchy
1,2,omelet
3,87,ominous
3,113,omit
2,69,omnipotent
2,62,omnipresent
2,59,omniscient
3,87,onerous
4,478,onset
2,53,opacity
1,5,opalescence
3,141,opaque
4,306,operative
2,17,operetta
1,7,opine
2,21,opinionated
3,179,opponent
2,41,opportune
3,250,oppose
2,44,oppress
1,4,opprobrious
3,234,optimism
2,17,optimist
3,203,optimum
3,158,optional
2,33,opulent
2,56,oracle
2,27,oration
2,11,oratorio
2,41,oratory
2,50,orchard
3,95,orchestra
2,20,ordain
3,75,ordeal
2,49,ordinance
2,23,ordnance
3,90,ore
3,271,organism
2,79,orient
5,1710,original
3,112,originality
3,52,ornate
1,5,ornithologist
1,5,ornithology
1,2,orthodontics
3,211,orthodox
2,35,oscillate
2,21,osmosis
2,9,osseous
1,6,ossify
2,63,ostensible
2,14,ostentation
2,29,ostracism
1,4,ostracize
2,23,ostrich
1,1,other-directed
2,16,otter
2,27,oust
3,81,outgoing
2,47,outgrowth
2,37,outlandish
3,173,outlet
4,445,outline
1,1,outmaneuver
2,57,outmoded
3,138,outrage
3,353,outset
2,5,outshine
3,91,outskirts
3,77,outspoken
2,25,outstrip
2,14,outwit
2,11,ovation
2,37,overbearing
2,56,overdose
3,68,overdue
1,1,overexposure
3,53,overflow
2,62,overhaul
3,398,overlap
3,163,overlook
2,44,overpowering
1,10,overreach
3,125,override
3,181,overriding
2,33,overrule
3,118,oversee
2,32,overshadow
2,55,overstate
3,250,overt
3,132,overthrow
2,21,overture
2,72,overturn
3,91,overwhelm
2,11,overwrought
2,47,owl
2,11,oxidize
2,38,pacifist
2,32,pacify
3,232,pack
3,245,packed
3,101,pact
2,34,padding
2,19,paean
3,118,pagan
2,28,pageant
1,9,painkiller
3,61,painstaking
3,67,palate
2,19,palatial
-1,-1,paleolithic
1,11,paleontology
3,55,palette
2,19,pall
1,7,palliate
3,85,palliative
2,17,pallid
1,2,palmy
3,136,palpable
1,1,palpitate
1,0,palter
2,35,paltry
3,119,pamphlet
3,251,pan
2,66,panacea
2,12,panache
2,45,pancreas
2,45,pandemic
2,8,pandemonium
2,16,pander
2,16,panegyric
4,426,panel
2,16,pang
3,334,panic
2,48,panorama
2,14,panther
2,30,pantomime
2,15,pantry
2,27,papyrus
3,63,parable
2,12,parabola
4,524,paradigm
3,357,paradox
2,22,paragon
4,794,parallel
2,46,parallelism
3,294,parameter
3,234,paramount
3,67,paranoia
3,82,paranoid
3,97,paraphrase
2,76,parasite
1,1,parch
2,14,pare
2,23,pariah
3,137,parity
1,4,parka
2,80,parlance
3,97,parody
2,9,paroxysm
2,6,parquet
2,13,parry
2,17,parse
2,37,parsimony
4,651,partial
2,46,partiality
5,4321,particular
1,4,particularize
3,145,partisan
3,159,partition
3,217,passionate
4,529,passive
2,26,pastel
1,1,pasteurize
2,31,pastiche
3,165,pastoral
2,38,pastry
3,179,patch
3,313,patent
2,52,pathogen
3,198,pathological
3,220,pathology
2,14,patina
2,29,patrician
2,33,patrimony
2,44,patriot
3,110,patriotism
3,196,patronage
2,13,patronize
3,109,paucity
1,1,paunchy
2,23,pauper
4,505,peak
1,5,pecan
1,1,peccadillo
2,16,peck
2,11,pedagogue
3,107,pedagogy
2,47,pedal
2,7,pedant
2,39,pedestal
3,75,pedestrian
2,11,pediatrics
2,54,peel
4,386,peer
2,10,peerless
1,0,peeve
2,8,peevish
2,66,pejorative
1,1,pelf
1,1,pell-mell
1,4,pellucid
3,250,pen
2,23,penalize
3,281,penalty
2,49,penance
2,61,penchant
3,124,pending
3,57,pendulum
3,190,penetrate
2,55,penicillin
3,115,peninsula
2,24,penitent
2,6,pennant
2,65,penultimate
2,15,penury
1,1,perambulate
4,972,perception
2,37,perch
1,2,percussionist
1,2,peregrination
2,25,peremptory
3,117,perennial
1,1,perfervid
2,13,perfidious
2,11,perfidy
1,8,perforate
2,32,perfunctorily
2,32,perfunctory
3,102,peril
3,72,perilous
3,80,perimeter
3,82,periodical
2,23,peripatetic
4,406,peripheral
3,209,periphery
2,9,periscope
3,75,perish
2,18,perishing
1,2,perjure
2,21,perjury
1,6,perky
3,97,permanence
4,728,permanent
2,76,permeable
2,75,permeate
2,72,permissive
3,97,pernicious
3,91,perpendicular
3,192,perpetual
3,140,perpetuate
1,5,perquisite
2,22,persecute
1,1,persiflage
3,309,persistence
2,11,personable
2,47,personification
4,523,personnel
4,1686,perspective
1,7,perspicacious
1,9,perspicuity
2,14,perspicuous
1,3,perspire
3,98,pertain
1,1,pertinacious
3,251,pertinent
2,18,peruse
2,52,pervade
1,4,pervious
3,97,pessimism
2,89,pest
2,8,pester
2,48,pesticide
1,4,pestilent
2,9,pestle
2,25,petal
3,159,petition
2,22,petitioner
1,2,petrify
1,2,petroglyph
3,121,petroleum
1,2,petrology
3,161,petty
2,6,petulance
2,16,petulant
3,56,phantom
3,180,pharmaceutical
2,46,pharmacology
4,596,phenomena
3,153,phenomenal
2,57,philanthropic
1,1,philatelist
1,1,philately
2,9,philistine
2,10,phlegmatic
2,21,phoenix
2,53,phonetic
2,42,photosynthesis
3,339,physiological
3,168,piano
3,93,pictorial
1,1,piddling
2,17,pied
2,39,pierce
3,76,piercing
3,74,pigment
2,48,pilgrim
3,152,pillar
2,8,pillory
4,304,pilot
3,67,pinch
3,98,pine
2,61,pinnacle
3,88,pinpoint
3,126,pious
2,11,piquant
2,14,pique
2,68,pirate
1,3,pirouette
3,59,pistol
3,241,pitch
2,21,pitcher
2,27,pitfall
2,18,pith
2,26,pithiness
2,26,pithy
2,44,pitiful
2,12,pittance
2,43,placate
3,185,placebo
2,26,placid
2,24,plagiarism
1,2,plagiarize
3,172,plague
4,472,plain
3,78,plaintiff
2,20,plaintive
2,11,plait
4,475,plane
3,247,planet
1,4,plangent
2,15,plankton
3,116,plaque
3,103,plaster
3,111,plateau
2,12,platitude
3,100,platonic
1,0,plaudit
3,402,plausible
3,82,plead
1,5,pleat
3,115,pledge
2,30,plenitude
3,146,plethora
2,31,pliable
2,17,pliant
3,160,plight
2,18,plinth
2,5,plod
4,433,plot
3,56,plough
2,61,ploy
2,35,pluck
2,19,plumb
2,18,plumber
2,35,plume
2,18,plummet
2,59,plunder
3,84,plunge
2,17,plush
1,7,plutocracy
2,36,pod
1,3,podiatrist
2,32,podium
3,94,poignant
2,23,poise
3,83,poisonous
2,29,poke
3,182,polar
3,74,polarity
2,14,polarize
3,75,polemic
3,75,polemical
3,60,polish
3,148,poll
3,87,pollen
1,6,pollinate
1,5,pollster
2,9,pomposity
2,37,pompous
1,6,poncho
3,70,ponder
1,2,ponderable
2,26,ponderous
1,7,pontifical
2,12,pontificate
3,99,populace
2,55,populous
3,40,porcelain
2,8,porcupine
3,61,pore
3,102,porous
2,20,portentous
3,271,portfolio
3,187,portray
4,392,pose
1,2,poseur
3,114,posit
2,19,posse
4,374,possessed
3,118,poster
3,83,postpone
3,100,postulate
3,225,posture
2,23,potable
1,1,potation
2,10,potentate
5,2470,potential
2,14,potentiate
1,7,potpourri
3,95,pottery
2,8,pout
3,282,practitioner
3,357,pragmatic
2,11,prank
1,3,prate
3,96,preach
2,71,preamble
3,166,precarious
3,136,precede
2,46,precept
2,27,precipice
2,7,precipitant
3,103,precipitate
3,105,precipitation
2,17,precis
4,637,precise
3,188,preclude
2,46,precocious
3,204,precursor
2,70,predator
3,182,predecessor
1,1,predestine
3,116,predicament
2,58,predilection
3,97,predisposition
3,250,predominant
3,101,predominate
-1,-1,preeminent
-1,-1,preempt
1,3,preen
3,185,preface
4,331,pregnant
3,80,prehistoric
3,328,prejudice
4,401,preliminary
1,4,preliterate
3,93,prelude
3,241,premature
1,1,premeditate
2,31,premeditated
2,51,premiere
3,319,premise
3,256,premium
2,16,premonition
3,220,preoccupation
1,3,preponderate
2,29,preposition
2,37,preposterous
3,206,prerequisite
3,105,prerogative
2,20,presage
2,16,prescience
3,149,prescribe
3,230,prescription
4,754,presentation
2,43,presenter
2,28,preservative
2,42,preside
4,953,press
4,382,pressing
3,255,prestige
3,167,prestigious
3,148,presume
3,245,presumption
2,74,presupposition
3,197,pretend
2,29,pretension
2,33,pretentious
2,10,preternatural
3,100,pretext
3,224,prevail
1,2,prevaricate
2,57,preview
5,1614,previous
3,207,prey
2,12,prim
2,63,primate
4,555,prime
1,1,primp
4,810,principal
5,1706,principle
4,651,priority
3,76,pristine
2,26,privation
3,375,privilege
3,186,probe
2,36,probity
1,7,proboscis
4,366,proceeds
3,134,procession
3,113,proclaim
3,103,proclamation
1,8,procrastinate
1,5,proctor
3,84,procure
3,158,procurement
2,35,prod
2,21,prodigal
3,60,prodigious
2,18,prodigy
5,1625,produce
4,501,productivity
3,77,profane
2,23,proffer
3,71,proficient
4,634,profile
1,4,profiteer
2,22,profligate
4,557,profound
2,24,profuse
2,71,progeny
3,191,prognosis
2,65,prohibitive
2,21,projectile
3,277,projection
2,30,projector
2,64,proliferate
3,109,prolific
2,5,prolix
2,5,prolixity
2,55,prologue
3,90,prolong
2,23,promenade
4,695,prominent
4,923,promote
3,264,prompt
2,29,promulgate
3,357,prone
4,391,pronounced
3,79,prop
3,78,propagate
3,141,propagation
2,60,propel
2,24,propeller
3,220,propensity
3,121,prophecy
3,143,prophet
3,126,prophetic
2,5,propitiate
2,39,propitious
4,589,proposal
4,491,proposition
3,121,proprietary
3,99,propriety
2,27,propulsion
2,55,prosaic
2,18,proscribe
3,198,prose
2,87,prosecute
3,275,prosecution
1,10,proselytize
4,426,prospect
3,285,prosperity
3,173,prosperous
2,34,prostrate
3,115,protagonist
2,28,protean
4,375,protest
3,275,protocol
3,164,prototype
1,3,protract
2,9,protuberance
1,5,protuberant
3,87,provenance
1,2,provender
2,10,provident
2,39,providential
3,276,provincial
4,1032,provision
3,171,provisional
1,1,provisory
3,102,provocation
3,104,prowess
2,12,prowl
2,77,proximate
1,6,prude
3,98,prudence
3,170,prudent
2,9,prudish
2,52,prune
2,19,pry
2,63,pseudonym
3,161,psyche
4,758,psychology
2,43,publicize
1,5,pucker
1,1,puckish
2,19,puddle
2,10,puerile
1,1,pugilism
1,2,pugilist
2,13,pugnacious
2,12,puissance
1,4,puissant
1,1,pulchritude
1,1,pullet
2,17,pulley
3,95,pulp
3,223,pulse
1,3,pulverize
2,51,pun
3,98,punch
2,7,punctilious
2,59,puncture
1,7,pundit
2,33,pungent
2,18,puny
4,664,purchase
2,9,purgative
2,23,purgatory
3,72,purge
2,49,purify
3,226,purity
1,1,purlieu
1,2,purloin
3,118,purported
4,585,pursue
1,3,purvey
1,5,pusillanimous
2,6,pylon
2,19,pyre
2,15,quack
1,2,quaff
2,16,quail
2,52,quaint
4,421,qualified
1,3,qualms
2,39,quandary
3,169,quantum
2,44,quarantine
3,52,quarry
2,36,quartet
2,19,quash
1,6,quaver
2,18,quay
2,50,quell
2,27,quench
2,10,querulous
3,338,quest
3,103,queue
2,19,quibble
2,32,quiescent
2,18,quill
2,16,quirk
1,1,quisling
2,19,quiver
2,17,quixotic
3,106,quota
3,339,quote
2,39,quotidian
2,27,rabble
2,20,rabid
2,18,rabies
1,6,raconteur
2,15,racy
3,164,radius
1,3,raffish
1,6,raffle
2,4,rafter
3,47,rag
3,205,rage
3,58,ragged
1,6,ragtime
3,109,raid
3,203,rail
2,9,raisin
2,5,rakish
3,124,rally
3,49,ram
2,14,ramble
1,5,rambunctious
1,6,ramify
2,18,rampage
3,107,rampant
2,18,rampart
2,21,ramshackle
2,10,rancid
1,9,rancor
4,624,random
2,12,ranger
1,3,rankle
2,51,ransom
2,19,rant
2,27,rapacious
2,19,rapids
3,107,rapport
2,60,rapprochement
2,19,rapt
1,4,rarefaction
1,3,raspy
2,83,ratification
1,0,ratiocination
3,67,ration
4,956,rational
2,38,rattle
2,27,raucous
2,10,ravage
2,22,rave
1,2,ravel
2,15,ravenous
2,22,ravine
2,11,ravishing
1,8,raze
3,65,razor
2,12,reactant
3,111,reactionary
4,656,readily
4,846,ready
2,22,reagent
2,21,realign
4,533,realm
1,4,ream
3,104,reap
1,6,reaper
2,21,rebate
3,97,rebellious
2,22,rebuff
2,52,rebuke
2,15,rebus
2,49,rebuttal
2,68,recalcitrant
4,549,recall
2,10,recant
2,10,recantation
2,28,recapitulate
2,87,recast
2,47,recede
3,176,receipt
2,40,receptacle
3,193,receptive
2,46,recess
3,126,recession
2,52,recessive
3,153,recipe
3,268,recipient
3,292,reciprocal
2,36,reciprocate
2,34,recital
3,98,reclaim
2,12,recluse
2,40,recoil
3,118,recollection
2,15,recombine
2,44,recompense
3,244,reconcile
2,11,recondite
3,57,reconnaissance
2,36,reconstitute
3,238,recourse
3,190,recruit
3,65,rectangle
3,104,rectify
2,37,rectitude
2,16,recumbent
2,26,recuperate
3,71,redeem
2,52,redemptive
2,59,redirect
3,181,redistribution
2,35,redolent
2,14,redoubtable
3,160,redress
3,120,redundancy
3,206,redundant
2,61,reed
2,5,reek
2,48,reel
2,11,refectory
2,40,referee
2,28,refinery
4,1030,reflect
2,29,refraction
3,68,refractory
3,213,refrain
2,50,refresh
3,206,refugee
1,2,refulgent
2,10,refurbish
3,116,refute
2,6,regale
4,934,regime
2,67,regress
2,65,regressive
3,389,regulate
2,51,rehabilitate
3,106,rehearsal
3,55,rehearse
3,277,reign
2,21,reimburse
3,82,rein
4,399,reinforce
2,47,reinstate
2,91,reiterate
3,61,rejoice
2,17,rejuvenate
3,130,relapse
4,674,relate
3,270,relaxation
4,782,release
2,31,relegate
2,13,relent
2,13,relenting
3,147,relentless
4,596,relevance
3,397,reliance
3,63,relic
3,201,relieved
4,1382,religion
3,93,relinquish
3,67,relish
4,363,remainder
5,1597,remains
3,267,reminder
2,10,reminisce
2,18,remiss
3,83,remnant
3,74,remorse
4,638,remove
2,14,remunerative
2,15,rend
4,378,render
3,296,rendering
2,31,rendezvous
2,27,renegade
2,15,renege
3,89,renounce
2,17,renovate
2,45,renown
4,327,rent
1,2,reparable
2,54,reparation
2,8,repartee
2,15,repatriate
2,64,repeal
2,55,repel
2,37,repellent
1,7,repercussion
3,214,repertoire
1,3,repine
2,39,replenish
3,103,replete
1,1,reportorial
2,48,repose
1,1,reprehend
2,51,reprehensible
3,138,repressed
2,26,reprieve
2,35,reprimand
2,35,reprisal
2,21,reprise
3,75,reproach
2,8,reprobate
2,12,reproof
2,5,reprove
2,19,reptile
2,14,reptilian
2,47,repudiate
2,19,repugnance
2,55,repugnant
2,12,repulse
2,46,repulsion
4,634,reputation
2,44,repute
4,622,request
3,197,requisite
2,3,requite
2,17,rescind
1,4,rescission
3,303,rescue
3,75,resent
3,209,resentment
4,372,reserve
3,196,reside
3,299,resident
3,308,residual
3,129,residue
3,154,resignation
3,162,resigned
3,183,resilience
3,111,resilient
3,57,resin
3,81,resonant
4,388,resort
2,11,resound
2,61,resourceful
3,91,respiration
3,90,respite
2,22,resplendent
3,139,respondent
5,2458,response
3,292,responsive
3,292,responsiveness
2,82,restitution
2,15,restive
2,15,restiveness
3,122,restless
4,383,restore
4,383,restored
3,134,restrain
3,250,restraint
3,150,resume
3,128,resurgence
2,30,resurrect
2,22,resuscitate
3,287,retail
4,541,retain
2,19,retainer
2,39,retaliate
2,39,retaliation
2,38,retard
2,54,reticent
2,29,retinue
3,71,retiring
2,36,retort
1,8,retouch
2,27,retrace
2,32,retract
3,299,retreat
1,6,retrench
3,100,retribution
3,132,retrieve
4,379,revealing
3,293,revelation
2,14,revelry
3,206,revenge
4,467,revenue
2,24,reverberate
2,23,revere
2,27,reverie
4,553,reverse
3,117,revert
2,5,revile
3,162,revise
2,36,revitalize
3,125,revive
3,181,revolt
2,14,revue
4,447,reward
3,204,rewarding
4,443,rhetoric
1,1,rhinestone
2,13,rhubarb
3,83,rhyme
3,134,rhythmic
3,78,rib
2,11,ribald
2,19,rickety
2,45,riddle
3,81,rider
3,119,ridge
3,108,ridicule
3,93,rife
3,73,rifle
2,72,rift
2,42,rig
4,410,rigid
2,64,rigor
1,2,rile
2,16,rind
1,2,ringlet
3,96,riot
2,22,riotous
2,22,ripen
2,50,ripple
3,113,rite
4,486,ritual
3,353,rival
3,210,rivalry
1,3,rive
2,28,riven
2,8,rivet
2,12,riveting
1,5,rivulet
3,64,robe
3,402,robust
2,14,roe
1,2,roil
1,5,rookie
2,29,roster
2,9,rostrum
3,86,rotate
3,70,rotten
1,1,roughen
3,89,royalty
1,1,rubicund
2,20,rudder
3,134,rudimentary
3,46,rue
2,8,ruffian
2,7,ruffle
1,11,ruminant
1,1,rumple
3,56,rung
1,4,runic
3,179,rupture
4,868,rural
2,41,ruse
3,52,rustic
3,113,ruthlessness
3,76,sabotage
1,4,saboteur
1,2,saccharin
4,436,sacred
4,400,sacrifice
2,21,sacrilege
2,17,sacrilegious
1,2,sadden
3,82,saddle
3,196,safeguard
2,10,sagacious
3,90,sage
2,33,saintly
3,252,salient
2,52,saliva
3,85,salmon
2,14,salubrious
3,73,salutary
2,15,salutation
3,50,salute
3,75,salvage
2,16,salve
2,15,sampler
2,15,sanctify
2,10,sanctimonious
3,185,sanction
2,13,sandal
3,64,sane
2,56,sanguine
3,50,sanity
2,50,sap
1,2,sapient
2,9,sapphire
2,37,sarcastic
2,19,sartorial
2,22,sash
2,12,sate
2,14,satiated
3,89,satire
1,7,satirize
2,22,saturate
3,158,saturated
1,3,saturnine
1,4,saunter
3,145,savage
2,10,savant
2,54,savvy
2,18,sawdust
2,9,scabbard
1,0,scad
2,53,scaffold
2,13,scalding
5,1743,scale
2,25,scalpel
3,160,scandal
3,126,scant
3,173,scarcity
3,48,scarf
2,59,scathing
3,81,scatter
4,514,scenario
3,117,schematic
1,3,schematize
4,799,scheme
2,57,schism
5,2576,school
2,23,scion
2,9,scissor
2,12,scoff
2,32,scoop
4,899,scope
2,6,scorch
4,577,score
3,87,scorn
2,14,scorpion
2,11,scotch
2,47,scourge
2,10,scowl
3,96,scrap
2,7,scrappy
2,9,scrawl
3,78,screw
2,15,screwdriver
2,16,scribble
3,246,script
3,98,scripture
3,48,scroll
3,53,scrub
2,15,scruple
1,0,scrutable
2,53,scrutinize
1,3,scuff
2,12,sculpt
3,56,sculptor
2,15,scurrilous
2,7,scurry
2,20,scurvy
2,13,scythe
3,59,seam
1,4,seamy
1,4,sear
3,64,seasoned
2,17,seasoning
2,18,secede
2,45,secrete
2,64,secretive
3,405,secular
4,802,secure
3,173,securities
2,22,sedate
2,43,sedative
2,69,sedentary
3,111,sediment
1,-1,sedulity
1,3,sedulous
2,24,seedling
2,10,seemly
2,31,seep
2,9,seethe
4,378,segment
2,26,seine
2,68,seismic
3,81,semblance
3,232,seminal
2,37,seminary
3,288,sensation
4,366,sensible
4,822,sensitive
4,564,sensitivity
2,32,sensitization
2,48,sentient
3,276,sentiment
2,22,sentinel
5,1298,separate
2,52,septic
2,8,sepulchral
3,192,sequential
2,14,sequester
1,2,seraphic
1,4,sere
3,54,serene
3,207,serial
3,119,sermon
1,2,serrate
2,13,serrated
2,6,serried
2,39,serviceable
2,35,servile
2,80,servitude
2,73,setback
4,376,settle
4,534,settled
2,47,sever
4,1051,severe
2,39,sewer
1,5,sextant
2,7,shackle
2,21,shale
2,64,sham
2,19,shambles
1,6,shard
3,132,shattered
2,46,shavings
3,126,shear
3,78,sheath
1,2,sheathe
4,344,shed
4,327,sheer
4,261,shell
3,250,shelter
1,7,shelve
2,48,sheriff
3,185,shield
2,12,shiftiness
1,4,shiftless
2,17,shingle
1,2,shipshape
2,24,shirk
2,10,shoal
2,22,shoddy
3,207,shoot
1,4,shoplift
1,3,shopworn
4,358,shoulder
2,33,shove
3,68,shrewd
2,21,shriek
3,112,shrine
3,102,shrink
2,33,shroud
2,39,shrub
2,40,shrug
1,2,shuck
2,35,shudder
2,47,shun
2,45,shunt
1,3,sibilant
3,96,sibling
1,2,sibyl
1,2,sidereal
2,15,sideshow
2,31,sidestep
3,167,siege
2,32,sift
4,666,signal
5,2665,significant
3,208,signify
2,27,sill
2,33,silt
1,6,silversmith
1,1,simper
2,5,simpleton
3,107,simulate
3,305,simultaneous
3,167,sincere
2,7,sinecure
2,13,sinew
1,6,singe
2,77,singularity
2,22,sinuous
2,32,sip
2,33,siren
3,130,skeleton
2,41,sketchy
2,45,skew
2,7,skewer
1,4,skiff
1,3,skillet
2,29,skim
1,4,skimp
1,1,skinflint
2,29,skirmish
3,92,skirt
2,9,skit
2,17,skyscraper
3,74,slab
3,69,slack
2,10,slacken
2,20,slag
1,6,slake
2,39,slander
2,9,slanderous
2,51,slant
3,86,slate
3,137,slaughter
2,6,sleigh
2,35,slew
3,131,slice
2,36,slick
4,394,slight
2,50,slippage
3,122,slippery
2,7,slipshod
2,7,slither
2,13,sliver
2,40,sloppy
3,124,slot
2,24,sloth
2,8,slouch
2,16,slough
1,2,sluggard
2,12,sluice
2,28,slumber
2,20,slur
1,3,slurp
2,37,sly
1,1,smarmy
3,219,smart
2,20,smattering
2,48,smear
2,9,smirk
4,491,smooth
2,16,smother
2,8,smudge
2,28,smug
2,23,smuggle
2,27,snare
2,10,snarl
2,39,snatch
2,25,sneaking
2,21,sneer
2,7,snide
2,9,snip
1,2,snitch
2,12,snobbish
1,2,snowdrift
2,15,snub
2,21,snug
2,44,soak
2,40,soar
3,123,sober
2,36,sobriety
2,23,sock
2,17,sod
2,14,sodden
2,16,soggy
4,649,soil
3,63,solace
2,12,solder
3,110,solemn
2,32,solemnity
2,55,solicit
2,19,solicitous
2,21,solicitude
3,338,solidarity
2,44,solidify
3,203,solitary
3,89,solitude
3,107,solo
3,114,soluble
3,81,solvent
3,123,somatic
-1,-1,somber
2,20,sonata
2,34,sonnet
2,34,soot
2,39,soothe
2,12,sop
1,2,sophism
4,560,sophisticated
3,181,sophistication
2,17,sophistry
2,8,soporific
1,2,sopping
2,28,sorcery
2,35,sordid
2,42,souvenir
3,334,sovereign
3,499,sovereignty
3,62,sow
1,-1,spackle
4,339,span
1,8,spank
3,65,sparing
3,133,spark
2,16,sparring
3,124,sparse
2,37,spartan
2,42,spat
2,50,spate
4,666,spatial
2,12,spatula
2,37,spawn
3,66,spear
3,74,specialize
3,375,specialized
3,106,specifics
3,145,specimen
2,36,specious
2,19,speck
3,243,spectacular
3,112,spectator
-1,-1,specter
3,98,spectral
4,589,spectrum
3,167,speculate
3,236,speculative
3,219,spell
2,9,spendthrift
2,65,spike
3,222,spin
2,7,spindly
2,7,spineless
2,19,spiny
2,20,spire
4,765,spiritual
4,458,spite
3,60,spleen
-1,-1,splendor
2,22,splice
2,15,splint
4,570,split
1,6,splurge
3,82,spoil
4,559,spoke
2,21,spongy
3,83,spontaneity
4,377,spontaneous
2,16,spoof
3,119,sporadic
4,438,sport
2,7,sprain
2,55,sprawling
2,8,sprig
2,12,sprightly
2,26,sprout
2,25,spruce
3,121,spur
3,107,spurious
2,14,squabble
2,26,squalid
2,7,squall
2,29,squalor
2,17,squander
4,650,square
2,50,squash
2,36,squat
3,116,squeeze
1,8,squelch
2,16,squint
2,34,squirrel
2,21,staccato
3,77,stagnant
2,24,staid
3,101,stain
3,394,stake
3,55,stale
2,60,stalemate
2,76,stalk
3,85,stall
2,29,stalwart
2,10,stammer
3,177,stamp
4,431,stance
1,2,stanch
2,83,stanza
3,116,staple
2,16,starchy
3,231,stark
2,34,startle
2,71,stasis
4,441,static
3,145,stationary
2,23,statuary
3,137,stature
5,1973,status
3,202,statute
3,361,statutory
2,63,steadfast
2,34,stealth
3,214,steep
3,140,steer
2,30,stellar
4,501,stem
2,35,stench
2,9,stencil
1,4,stentorian
3,133,stereotype
3,148,sterile
2,9,sterilize
3,109,stern
2,20,stethoscope
2,7,stickler
3,166,stiff
2,50,stifle
3,179,stigma
2,19,stigmatize
2,23,stilted
2,53,stimulant
4,370,stimulus
3,63,sting
2,12,stinginess
2,12,stingy
2,39,stint
1,2,stipple
2,70,stipulate
2,60,stipulation
3,144,stir
3,123,stitch
4,898,stock
2,7,stockade
2,15,stocky
2,7,stodgy
-1,-1,stoic
2,13,stoke
2,11,stolid
3,261,stomach
1,4,stonewall
3,60,stout
1,3,stowaway
4,499,straightforward
2,34,strait
3,202,strand
3,100,stranded
2,24,stratagem
1,12,stratify
3,77,stratum
3,95,stray
3,57,streak
4,508,stream
4,339,stretch
1,5,strew
1,8,striate
2,20,striated
2,21,stricture
3,58,stride
2,58,strident
3,119,strife
4,581,striking
3,176,stringent
3,251,strip
3,241,strive
4,402,stroke
3,47,stroll
2,22,strut
3,100,stubborn
4,813,studied
2,20,stuffy
1,3,stultify
3,118,stunning
2,28,stunt
2,26,stupor
3,73,sturdy
2,11,stutter
1,3,stygian
2,14,stylus
1,8,stymie
2,51,subdue
3,83,subdued
5,2671,subject
4,608,subjective
2,28,subjugate
3,118,sublime
2,41,subliminal
3,242,submission
3,304,submit
1,1,suborn
2,11,subpoena
4,1063,subsequent
2,39,subside
3,216,subsidiary
3,116,subsidy
3,160,subsistence
4,719,substance
4,948,substantial
3,83,substantiate
3,360,substantive
4,411,substitute
2,38,subsume
2,29,subterfuge
2,49,subterranean
4,478,subtle
2,50,subtract
3,126,subversive
3,86,subvert
3,87,succinct
1,6,succor
3,79,succumb
3,196,suffice
4,1121,sufficient
2,12,suffocate
3,94,suffrage
1,8,suffragist
1,8,suffuse
3,218,suggestive
2,34,suitcase
2,11,sulky
2,33,sullen
2,12,sultry
4,670,summarily
4,670,summary
3,67,summation
3,74,summon
2,43,sumptuous
1,5,sunder
3,117,superb
2,7,supercilious
3,297,superficial
3,297,superficiality
2,10,superfluity
3,111,superfluous
2,13,superimpose
2,9,superintend
3,301,superiority
1,3,supernova
2,54,supersede
3,111,supervise
2,50,supine
2,50,supplant
2,29,supple
3,300,supplement
2,6,suppliant
2,8,supplicant
1,2,supplicate
3,167,supremacy
3,255,supreme
2,16,surcharge
2,24,surfeit
3,169,surge
3,174,surgeon
2,14,surly
2,56,surmise
2,29,surmount
2,74,surpass
3,305,surplus
2,13,surrealism
3,230,surrender
2,22,surreptitious
3,117,surrogate
2,35,surveyor
4,600,survive
3,147,susceptibility
3,313,susceptible
4,433,suspect
3,118,suspend
2,45,suspense
4,387,suspicion
3,262,suspicious
4,462,sustain
4,462,sustained
3,86,sustenance
2,56,suture
1,3,svelte
2,15,swagger
3,119,swallow
3,58,swamp
3,162,sway
3,93,swell
2,10,sweltering
2,12,swerve
3,153,swift
1,4,swill
2,8,swindle
2,41,swine
3,192,swing
2,30,swirl
1,1,sybarite
1,0,sybaritic
1,2,sycophant
3,55,syllabus
2,48,symbiosis
3,193,symmetry
2,48,symphony
2,59,synchronous
4,801,syndrome
2,88,synergic
2,43,synopsis
2,24,synoptic
4,468,synthesis
2,49,syringe
5,1122,table
3,107,taboo
3,199,tacit
2,15,taciturn
2,15,tackiness
3,256,tackle
3,53,tact
3,164,tactic
3,88,tactile
1,7,tadpole
3,144,tag
5,1871,taking
2,18,talisman
2,58,tally
1,2,talon
2,10,tambourine
3,84,tame
1,3,tamp
2,17,tamper
3,68,tan
2,52,tangential
3,288,tangible
2,52,tangle
2,23,tango
1,4,tangy
1,2,tantalize
3,92,tantamount
2,17,tantrum
2,26,taper
2,55,tapestry
2,17,tardy
1,6,tare
3,153,tariff
2,12,tarnish
2,8,tarpaulin
2,26,tart
2,53,tasty
2,9,tatty
2,36,taut
1,1,tauten
2,12,tawdry
2,66,taxing
3,112,taxonomist
3,204,tear
3,88,tease
1,5,technocrat
3,110,tedious
2,20,tedium
1,5,teeter
4,611,telling
2,17,temerity
2,25,temp
3,158,temper
2,23,tempest
2,19,tempestuous
3,87,tempo
4,595,temporal
1,2,temporize
3,246,temptation
2,50,tenable
2,47,tenacious
2,54,tenacity
3,86,tenant
4,1217,tend
2,23,tendentious
3,247,tender
3,96,tenet
3,88,tenor
4,696,tension
3,190,tentative
3,116,tenuous
3,189,tenure
2,24,tepid
4,309,terminal
3,137,terminate
3,202,termination
4,390,terminology
2,57,terminus
2,10,termite
3,81,terrace
3,258,terrain
3,117,terrestrial
2,29,terse
3,100,testament
2,17,testator
3,143,testify
3,350,testimony
1,6,testiness
1,6,testy
2,19,tether
3,239,texture
2,22,thatch
2,33,thaw
3,154,thematic
2,21,theocracy
4,1063,theoretical
4,497,therapeutic
3,254,thermal
4,567,thesis
2,24,thicket
2,41,thorn
3,271,thread
2,20,threadbare
4,1039,threat
3,166,thrive
3,187,throne
2,38,throng
2,19,throwback
4,282,thrust
2,67,thwart
1,1,tickler
2,6,ticklish
3,104,tidy
1,5,tiff
1,0,tightfisted
3,96,tilt
3,221,timber
2,23,timbre
3,231,timely
3,64,timid
3,64,timidity
2,10,timorous
2,8,tinder
2,16,tined
2,19,tinker
2,28,tint
2,21,tirade
3,64,tire
4,642,tissue
2,14,titanic
2,25,titular
1,2,toady
3,66,toil
4,421,tolerance
3,155,toll
2,24,tombstone
2,15,tongs
3,84,tonic
1,0,tonsorial
2,33,topple
3,68,torment
2,19,tornado
2,5,torpid
2,16,torpor
3,49,torque
2,47,torrent
2,20,torrential
2,54,tortuous
3,56,toss
3,84,totalitarian
2,20,totem
2,7,totter
2,19,touchy
1,2,toupee
2,49,tournament
2,12,tourniquet
3,69,tout
3,247,toxic
2,89,toxin
3,143,toy
2,55,traceable
4,622,track
3,315,tract
2,37,tractability
2,37,tractable
3,284,tragedy
3,243,trait
2,50,traitor
3,268,trajectory
2,17,trample
3,63,trance
3,50,tranquility
3,385,transaction
3,174,transcend
3,136,transcendent
3,149,transcendental
2,27,transcribe
4,1024,transfer
1,6,transfigure
2,45,transgress
3,105,transgression
2,29,transience
3,235,transient
4,900,transition
3,97,transitory
2,47,translucent
3,173,transmit
2,13,transmute
3,353,transparent
3,107,transplantation
4,855,transport
2,32,transpose
2,5,trapeze
3,75,traverse
2,24,travesty
3,74,treacherous
3,82,treason
3,161,treatise
3,303,treaty
3,279,tremendous
2,49,tremor
2,39,trenchant
4,658,trend
2,35,trepidation
2,42,trespass
3,165,tribunal
3,167,tribute
3,73,trickle
2,28,trifle
3,355,trigger
2,53,trilogy
3,76,trim
1,6,trinket
3,64,trio
2,36,tripod
2,24,trite
3,253,triumph
3,272,trivial
2,40,trophy
2,33,troupe
2,8,trowel
2,18,truancy
2,58,truce
2,8,truculent
2,8,trudge
3,62,trumpet
2,9,truncate
3,193,trunk
2,18,truss
3,111,trustworthy
2,11,tuber
2,31,tumult
3,156,turbulent
2,11,turgid
3,154,turmoil
1,6,turncoat
2,11,turpitude
2,25,turquoise
2,26,turret
2,8,tusk
2,16,tussle
3,121,tutor
1,5,tuxedo
2,26,twig
2,8,twinge
1,4,typo
2,20,typographical
3,159,tyranny
3,70,tyrant
1,2,tyro
3,214,ubiquitous
3,183,ugly
3,70,ulcer
4,673,ultimate
2,9,umbrage
2,14,umpire
3,174,unaffected
3,111,unanimous
2,24,unassuming
2,11,unbecoming
1,1,unbend
3,86,uncanny
2,21,uncommitted
2,17,unconscionable
4,447,unconscious
2,22,uncouth
2,6,unctuous
1,1,underbid
3,89,undercut
2,17,underdog
3,161,underestimated
2,12,undergird
1,5,underhanded
1,6,underling
4,996,underlying
3,378,undermine
2,14,underplay
2,6,underrate
2,96,underscore
2,27,understate
2,51,understated
2,40,understatement
1,5,understudy
2,21,underutilized
2,46,underwrite
2,29,undeserved
3,242,undesirable
2,14,undirected
2,26,unearth
2,14,unearthly
2,11,unenlightened
2,10,unexceptionable
2,30,unfailing
1,3,unfasten
1,4,unfeigned
1,4,unflappable
3,139,unfold
3,86,unfounded
2,16,ungainly
1,2,ungrudging
1,1,unguent
2,11,unicorn
2,14,unidimensional
3,133,unification
4,523,uniform
2,76,unify
1,1,unimpassioned
2,15,unimpeachable
2,26,uninitiated
4,1034,unique
2,26,univocal
3,82,unjustified
3,206,unjustly
2,24,unkempt
2,50,unleash
2,30,unmitigated
2,39,unmoved
3,141,unnoticed
2,33,unobtrusive
2,46,unpalatable
3,293,unprecedented
1,5,unpremeditated
2,10,unprepossessing
2,18,unpretentious
2,20,unprincipled
3,81,unproductive
2,25,unprovoked
3,88,unqualified
3,93,unravel
1,6,unregenerate
2,85,unregulated
2,38,unremitting
2,18,unrepentant
2,20,unrequited
2,14,unreserved
2,44,unscathed
1,2,unscented
2,64,unscrupulous
2,64,unscrupulousness
2,29,unseemly
2,26,unsettle
3,91,unsettling
2,46,unsound
2,17,unspoiled
1,3,unspotted
2,16,unstinting
2,33,unsubstantiated
2,40,untapped
2,12,unthreatening
2,52,untimely
2,52,untold
2,37,untoward
2,16,untutored
3,90,unwarranted
2,54,unwieldy
2,42,unwitting
2,8,unwonted
2,10,unworldly
1,3,upbraid
3,89,upgrade
3,105,upheaval
3,156,uphold
3,169,upright
2,39,uproar
1,5,uproarious
2,6,upstage
2,17,upswing
4,347,urgent
2,33,usurp
2,28,usury
3,169,utilitarian
3,187,utilize
3,77,utopia
3,57,utopian
3,177,utter
1,6,vaccinate
3,107,vaccine
2,10,vacillate
2,32,vacuous
1,2,vagary
2,13,vagrancy
2,16,vagrant
4,361,vague
3,200,vain
1,2,valediction
2,8,valedictory
2,44,valiant
3,149,validate
1,3,valorous
3,183,valve
2,49,vandalism
1,2,vandalize
2,41,vanilla
3,84,vanity
2,16,vanquish
3,126,vantage
2,9,vapid
1,6,vaporization
1,6,vaporize
1,3,vaporous
3,388,variance
1,2,variegate
1,5,variegation
2,26,varnish
3,281,vascular
3,64,vault
1,4,vaunting
2,23,veer
4,576,vehicle
3,160,veil
4,321,velocity
2,15,venal
2,15,vendetta
3,94,vendor
2,49,veneer
2,16,venerate
3,114,vengeance
2,42,vengeful
1,6,venial
2,36,venom
3,78,vent
2,12,ventilate
1,5,ventriloquist
1,3,veracious
2,75,veracity
4,558,verbal
2,10,verbiage
2,13,verbose
2,18,verdant
3,144,verdict
1,3,verdigris
3,150,verified
3,201,verify
1,2,verisimilar
3,84,veritable
3,134,vernacular
3,85,versatile
4,299,verse
2,56,vertex
4,526,vertical
2,33,vertigo
2,17,verve
4,298,vessel
2,33,vestige
2,24,vestigial
1,7,vestment
3,105,veteran
2,69,veterinary
3,116,veto
2,11,vex
2,14,vexation
3,393,viability
3,393,viable
2,8,viaduct
2,28,vibrancy
3,156,vibrant
2,23,vibrate
2,51,vicar
2,57,vicarious
3,172,vicinity
3,200,vicious
1,3,vicissitudinous
1,8,victimize
3,85,vie
3,94,vigilant
3,272,vigorous
3,61,vile
1,10,vilify
2,45,vindicate
2,31,vindictive
1,3,vintner
3,175,violate
3,52,violet
3,154,viral
4,454,virtual
2,27,virtuosity
2,26,virtuoso
3,189,virtuous
2,69,virulent
3,350,virus
1,3,viscid
2,57,viscous
3,112,visionary
2,37,vista
4,734,vital
1,2,vitalize
2,12,vitiate
1,1,vitrify
2,22,vitriolic
1,0,vituperate
2,10,vituperative
2,12,vivacious
3,239,vivid
2,8,vocalist
3,106,vocation
3,73,vogue
3,262,void
3,213,volatile
2,70,volition
2,19,volley
2,10,voluble
3,71,voluminous
2,20,voluptuous
2,33,voracious
2,33,voracity
1,3,votary
2,19,vouch
3,103,vulgar
4,628,vulnerable
2,16,vulture
2,38,vying
1,3,waddle
2,9,waffle
2,8,waft
2,17,wag
4,496,wage
1,3,waggish
2,8,walrus
2,23,wan
1,5,wanderlust
2,62,wane
5,2349,want
3,53,wardrobe
3,89,warehouse
1,3,warmonger
2,81,warp
3,260,warrant
3,158,warranted
2,36,warranty
3,188,wary
4,662,waste
1,2,wastrel
3,123,watershed
2,21,waver
3,122,wax
2,22,wean
2,12,wearisome
3,106,weary
2,12,weasel
4,467,weather
3,82,weed
3,19,weld
1,4,well-groomed
2,23,welter
1,4,wheedle
2,12,whet
2,32,whiff
3,64,whim
2,32,whimsical
2,11,whimsy
2,16,whine
2,16,whirlpool
3,68,whisper
3,73,whistle
1,7,whittle
3,59,wholesome
2,15,wick
3,133,wicked
2,80,wield
2,36,willful
2,47,willow
1,4,willowy
2,34,wilt
2,27,wily
2,9,wince
1,2,windbag
3,139,winding
2,41,windy
2,31,wink
1,4,winnow
1,4,winsome
2,18,wistful
3,141,wit
3,283,withdraw
2,46,wither
3,101,withhold
3,156,withstand
4,500,witness
1,5,witticism
2,7,wizened
2,19,wobble
2,36,woe
2,32,woo
4,370,worship
1,3,wrangler
2,24,wrench
3,95,wretched
2,21,wrinkle
3,124,wrist
3,87,writ
3,139,wrought
2,34,wry
1,1,xenophobe
1,0,xerophyte
2,37,yacht
3,77,yarn
2,15,yawn
2,30,yearn
3,80,yeast
3,179,yielding
3,62,yoke
1,3,yokel
1,6,zealotry
2,49,zenith
1,2,zephyr
2,30,zest
2,31,zigzag
4,565,zone
